,price_close,price_high,price_low,price_open,time_close,time_open,time_period_end,time_period_start,trades_count,volume_traded
0,298.4,298.6,292.3,293.13,2017-08-20T23:59:35.0000000Z,2017-08-20T22:24:06.0000000Z,2017-08-21T00:00:00.0000000Z,2017-08-20T12:00:00.0000000Z,202,289.70277589
1,330.02,332.97,292.71,297.26,2017-08-21T11:59:52.0000000Z,2017-08-21T00:04:06.0000000Z,2017-08-21T12:00:00.0000000Z,2017-08-21T00:00:00.0000000Z,4037,8771.500790156
2,319.31,353.0,315.0,330.02,2017-08-21T23:59:34.0000000Z,2017-08-21T12:00:04.0000000Z,2017-08-22T00:00:00.0000000Z,2017-08-21T12:00:00.0000000Z,5735,15979.188460119
3,311.05,328.8,291.86,319.37,2017-08-22T11:58:05.0000000Z,2017-08-22T00:00:18.0000000Z,2017-08-22T12:00:00.0000000Z,2017-08-22T00:00:00.0000000Z,4479,8593.141289187
4,312.22,323.0,304.92,310.26,2017-08-22T23:59:35.0000000Z,2017-08-22T12:00:05.0000000Z,2017-08-23T00:00:00.0000000Z,2017-08-22T12:00:00.0000000Z,4016,8558.824003048
5,320.25,324.68,311.34,313.43,2017-08-23T11:58:06.0000000Z,2017-08-23T00:01:34.0000000Z,2017-08-23T12:00:00.0000000Z,2017-08-23T00:00:00.0000000Z,2492,5366.002006698
6,315.61,321.59,312.0,320.94,2017-08-23T23:58:36.0000000Z,2017-08-23T12:03:18.0000000Z,2017-08-24T00:00:00.0000000Z,2017-08-23T12:00:00.0000000Z,4226,6184.124559756
7,323.12,323.12,312.4,315.61,2017-08-24T11:58:57.0000000Z,2017-08-24T00:00:23.0000000Z,2017-08-24T12:00:00.0000000Z,2017-08-24T00:00:00.0000000Z,2194,2909.827576419
8,323.84,327.49,318.0,322.99,2017-08-24T23:59:33.0000000Z,2017-08-24T12:00:21.0000000Z,2017-08-25T00:00:00.0000000Z,2017-08-24T12:00:00.0000000Z,4209,5369.699974984
9,331.09,335.0,322.21,323.85,2017-08-25T11:59:40.0000000Z,2017-08-25T00:00:24.0000000Z,2017-08-25T12:00:00.0000000Z,2017-08-25T00:00:00.0000000Z,2563,4328.118666088
10,329.0,337.22,325.01,331.09,2017-08-25T23:59:48.0000000Z,2017-08-25T12:00:17.0000000Z,2017-08-26T00:00:00.0000000Z,2017-08-25T12:00:00.0000000Z,2489,5538.6634251
11,329.25,331.75,324.56,329.55,2017-08-26T11:58:29.0000000Z,2017-08-26T00:00:01.0000000Z,2017-08-26T12:00:00.0000000Z,2017-08-26T00:00:00.0000000Z,2392,4280.881222908
12,332.38,335.12,325.59,329.13,2017-08-26T23:58:35.0000000Z,2017-08-26T12:00:01.0000000Z,2017-08-27T00:00:00.0000000Z,2017-08-26T12:00:00.0000000Z,2671,3883.93019851
13,334.91,336.33,332.38,332.42,2017-08-27T11:59:49.0000000Z,2017-08-27T00:00:25.0000000Z,2017-08-27T12:00:00.0000000Z,2017-08-27T00:00:00.0000000Z,2366,3978.870691607
14,347.55,347.55,333.54,334.88,2017-08-27T23:59:54.0000000Z,2017-08-27T12:00:26.0000000Z,2017-08-28T00:00:00.0000000Z,2017-08-27T12:00:00.0000000Z,2683,4119.669497649
15,340.06,350.29,333.01,347.71,2017-08-28T11:59:56.0000000Z,2017-08-28T00:00:14.0000000Z,2017-08-28T12:00:00.0000000Z,2017-08-28T00:00:00.0000000Z,2797,7086.07110274
16,346.68,348.12,339.12,340.06,2017-08-28T23:56:42.0000000Z,2017-08-28T12:00:04.0000000Z,2017-08-29T00:00:00.0000000Z,2017-08-28T12:00:00.0000000Z,4213,7110.525413598
17,359.0,367.98,345.0,346.83,2017-08-29T11:59:42.0000000Z,2017-08-29T00:00:30.0000000Z,2017-08-29T12:00:00.0000000Z,2017-08-29T00:00:00.0000000Z,4419,12669.054463307
18,372.37,376.55,359.0,359.0,2017-08-29T23:59:15.0000000Z,2017-08-29T12:00:13.0000000Z,2017-08-30T00:00:00.0000000Z,2017-08-29T12:00:00.0000000Z,5385,9180.825679989
19,375.0,390.68,365.0,372.12,2017-08-30T11:59:42.0000000Z,2017-08-30T00:00:26.0000000Z,2017-08-30T12:00:00.0000000Z,2017-08-30T00:00:00.0000000Z,6477,23126.841800717
20,383.03,388.51,374.99,375.0,2017-08-30T23:59:55.0000000Z,2017-08-30T12:00:05.0000000Z,2017-08-31T00:00:00.0000000Z,2017-08-30T12:00:00.0000000Z,3756,10791.604767776
21,384.27,385.72,380.05,383.38,2017-08-31T11:59:46.0000000Z,2017-08-31T00:02:02.0000000Z,2017-08-31T12:00:00.0000000Z,2017-08-31T00:00:00.0000000Z,2035,3887.507773435
22,387.95,393.0,384.2,384.97,2017-08-31T23:58:31.0000000Z,2017-08-31T12:00:02.0000000Z,2017-09-01T00:00:00.0000000Z,2017-08-31T12:00:00.0000000Z,6292,11557.875523904
23,392.15,396.0,384.2,387.98,2017-09-01T11:59:41.0000000Z,2017-09-01T00:00:13.0000000Z,2017-09-01T12:00:00.0000000Z,2017-09-01T00:00:00.0000000Z,5502,8697.424118938
24,390.0,395.0,388.64,392.15,2017-09-01T23:59:51.0000000Z,2017-09-01T12:00:01.0000000Z,2017-09-02T00:00:00.0000000Z,2017-09-01T12:00:00.0000000Z,6726,12959.006202857
25,362.52,392.45,351.8,390.33,2017-09-02T11:59:32.0000000Z,2017-09-02T00:00:03.0000000Z,2017-09-02T12:00:00.0000000Z,2017-09-02T00:00:00.0000000Z,7437,17258.972376828
26,351.5,364.91,327.0,362.45,2017-09-02T23:58:10.0000000Z,2017-09-02T12:00:30.0000000Z,2017-09-03T00:00:00.0000000Z,2017-09-02T12:00:00.0000000Z,5005,12437.761866948
27,344.11,370.2,341.2,351.47,2017-09-03T11:58:05.0000000Z,2017-09-03T00:00:03.0000000Z,2017-09-03T12:00:00.0000000Z,2017-09-03T00:00:00.0000000Z,3433,8843.391785139
28,350.62,351.9,331.0,343.44,2017-09-03T23:59:47.0000000Z,2017-09-03T12:00:02.0000000Z,2017-09-04T00:00:00.0000000Z,2017-09-03T12:00:00.0000000Z,3824,15237.062373975
29,297.72,352.16,295.14,350.62,2017-09-04T11:59:38.0000000Z,2017-09-04T00:00:12.0000000Z,2017-09-04T12:00:00.0000000Z,2017-09-04T00:00:00.0000000Z,5263,16912.284178579
30,300.0,319.0,275.15,298.03,2017-09-04T23:59:30.0000000Z,2017-09-04T12:00:14.0000000Z,2017-09-05T00:00:00.0000000Z,2017-09-04T12:00:00.0000000Z,8278,29259.746061041
31,304.82,304.9,270.0,302.71,2017-09-05T11:59:45.0000000Z,2017-09-05T00:02:33.0000000Z,2017-09-05T12:00:00.0000000Z,2017-09-05T00:00:00.0000000Z,4739,14103.299507818
32,316.54,323.76,295.02,304.81,2017-09-05T23:59:20.0000000Z,2017-09-05T12:00:29.0000000Z,2017-09-06T00:00:00.0000000Z,2017-09-05T12:00:00.0000000Z,6426,17660.523564596
33,334.52,334.92,315.01,316.62,2017-09-06T11:59:37.0000000Z,2017-09-06T00:01:03.0000000Z,2017-09-06T12:00:00.0000000Z,2017-09-06T00:00:00.0000000Z,5846,13583.049103969
34,337.36,341.6,325.0,334.52,2017-09-06T23:59:37.0000000Z,2017-09-06T12:00:16.0000000Z,2017-09-07T00:00:00.0000000Z,2017-09-06T12:00:00.0000000Z,6563,13498.527118318
35,332.0,338.77,323.0,337.36,2017-09-07T11:59:06.0000000Z,2017-09-07T00:00:19.0000000Z,2017-09-07T12:00:00.0000000Z,2017-09-07T00:00:00.0000000Z,3620,8652.834123007
36,335.35,339.89,329.82,331.98,2017-09-07T23:59:58.0000000Z,2017-09-07T12:00:07.0000000Z,2017-09-08T00:00:00.0000000Z,2017-09-07T12:00:00.0000000Z,3637,13378.139773777
37,330.9,335.63,328.22,335.63,2017-09-08T11:59:26.0000000Z,2017-09-08T00:00:43.0000000Z,2017-09-08T12:00:00.0000000Z,2017-09-08T00:00:00.0000000Z,2632,5412.070897139
38,305.86,332.08,290.01,330.92,2017-09-08T23:59:27.0000000Z,2017-09-08T12:02:22.0000000Z,2017-09-09T00:00:00.0000000Z,2017-09-08T12:00:00.0000000Z,11299,33249.020052039
39,304.97,307.96,293.38,305.8,2017-09-09T11:59:46.0000000Z,2017-09-09T00:00:16.0000000Z,2017-09-09T12:00:00.0000000Z,2017-09-09T00:00:00.0000000Z,3913,6898.357724988
40,303.81,306.99,290.0,304.97,2017-09-09T23:57:59.0000000Z,2017-09-09T12:00:08.0000000Z,2017-09-10T00:00:00.0000000Z,2017-09-09T12:00:00.0000000Z,2974,5510.645706274
41,284.98,303.86,273.0,303.86,2017-09-10T11:58:54.0000000Z,2017-09-10T00:00:55.0000000Z,2017-09-10T12:00:00.0000000Z,2017-09-10T00:00:00.0000000Z,3896,19674.546821707
42,298.0,305.98,282.0,284.98,2017-09-10T23:59:15.0000000Z,2017-09-10T12:00:41.0000000Z,2017-09-11T00:00:00.0000000Z,2017-09-10T12:00:00.0000000Z,6378,19136.368127891
43,293.06,305.99,285.75,298.17,2017-09-11T11:59:42.0000000Z,2017-09-11T00:03:02.0000000Z,2017-09-11T12:00:00.0000000Z,2017-09-11T00:00:00.0000000Z,5187,8425.317339865
44,297.32,302.35,291.23,293.02,2017-09-11T23:59:57.0000000Z,2017-09-11T12:00:18.0000000Z,2017-09-12T00:00:00.0000000Z,2017-09-11T12:00:00.0000000Z,5032,10979.233665228
45,311.05,316.5,296.42,297.31,2017-09-12T11:58:52.0000000Z,2017-09-12T00:00:06.0000000Z,2017-09-12T12:00:00.0000000Z,2017-09-12T00:00:00.0000000Z,5714,11859.95962089
46,293.85,310.98,285.0,310.9,2017-09-12T23:57:33.0000000Z,2017-09-12T12:01:09.0000000Z,2017-09-13T00:00:00.0000000Z,2017-09-12T12:00:00.0000000Z,6874,19253.232421263
47,262.9,294.31,262.33,293.96,2017-09-13T11:59:59.0000000Z,2017-09-13T00:02:48.0000000Z,2017-09-13T12:00:00.0000000Z,2017-09-13T00:00:00.0000000Z,7836,21456.027979274
48,275.25,282.3,255.06,262.7,2017-09-13T23:58:52.0000000Z,2017-09-13T12:00:04.0000000Z,2017-09-14T00:00:00.0000000Z,2017-09-13T12:00:00.0000000Z,7627,27771.193465376
49,250.0,280.68,247.62,275.79,2017-09-14T11:59:36.0000000Z,2017-09-14T00:00:02.0000000Z,2017-09-14T12:00:00.0000000Z,2017-09-14T00:00:00.0000000Z,5683,14883.590045878
50,223.4,253.55,221.6,249.9,2017-09-14T23:58:45.0000000Z,2017-09-14T12:00:01.0000000Z,2017-09-15T00:00:00.0000000Z,2017-09-14T12:00:00.0000000Z,12615,56370.935105933
51,202.37,250.0,201.0,223.1,2017-09-15T11:59:28.0000000Z,2017-09-15T00:00:09.0000000Z,2017-09-15T12:00:00.0000000Z,2017-09-15T00:00:00.0000000Z,9482,35838.61990401
52,257.36,266.0,202.36,204.65,2017-09-15T23:59:52.0000000Z,2017-09-15T12:00:22.0000000Z,2017-09-16T00:00:00.0000000Z,2017-09-15T12:00:00.0000000Z,17848,60381.933901244
53,253.26,271.34,244.0,257.38,2017-09-16T11:59:52.0000000Z,2017-09-16T00:00:17.0000000Z,2017-09-16T12:00:00.0000000Z,2017-09-16T00:00:00.0000000Z,7513,19450.930925264
54,253.08,257.41,240.47,253.26,2017-09-16T23:59:15.0000000Z,2017-09-16T12:00:05.0000000Z,2017-09-17T00:00:00.0000000Z,2017-09-16T12:00:00.0000000Z,5145,12008.513650417
55,244.3,253.24,236.03,253.08,2017-09-17T11:59:32.0000000Z,2017-09-17T00:00:06.0000000Z,2017-09-17T12:00:00.0000000Z,2017-09-17T00:00:00.0000000Z,4182,9434.679096939
56,257.1,263.88,244.21,244.59,2017-09-17T23:59:45.0000000Z,2017-09-17T12:03:02.0000000Z,2017-09-18T00:00:00.0000000Z,2017-09-17T12:00:00.0000000Z,5263,10089.583667875
57,285.8,294.25,256.76,257.08,2017-09-18T11:59:59.0000000Z,2017-09-18T00:00:06.0000000Z,2017-09-18T12:00:00.0000000Z,2017-09-18T00:00:00.0000000Z,12117,31824.187215334
58,298.0,299.91,285.0,286.0,2017-09-18T23:59:45.0000000Z,2017-09-18T12:00:01.0000000Z,2017-09-19T00:00:00.0000000Z,2017-09-18T12:00:00.0000000Z,6932,16219.447534535
59,287.75,299.69,275.58,298.0,2017-09-19T11:59:54.0000000Z,2017-09-19T00:00:42.0000000Z,2017-09-19T12:00:00.0000000Z,2017-09-19T00:00:00.0000000Z,5422,11598.440511266
60,282.62,292.98,278.43,287.38,2017-09-19T23:59:57.0000000Z,2017-09-19T12:00:04.0000000Z,2017-09-20T00:00:00.0000000Z,2017-09-19T12:00:00.0000000Z,4986,12293.067606597
61,284.0,287.5,276.43,283.11,2017-09-20T11:56:14.0000000Z,2017-09-20T00:00:26.0000000Z,2017-09-20T12:00:00.0000000Z,2017-09-20T00:00:00.0000000Z,3344,7992.995520359
62,283.51,293.02,282.25,284.09,2017-09-20T23:59:16.0000000Z,2017-09-20T12:00:29.0000000Z,2017-09-21T00:00:00.0000000Z,2017-09-20T12:00:00.0000000Z,4075,9138.244039925
63,283.85,288.04,278.5,283.6,2017-09-21T11:59:10.0000000Z,2017-09-21T00:01:25.0000000Z,2017-09-21T12:00:00.0000000Z,2017-09-21T00:00:00.0000000Z,3603,7475.48983209
64,258.25,285.39,250.01,283.79,2017-09-21T23:57:47.0000000Z,2017-09-21T12:01:04.0000000Z,2017-09-22T00:00:00.0000000Z,2017-09-21T12:00:00.0000000Z,7788,21828.308495604
65,256.2,274.0,255.2,258.17,2017-09-22T11:59:26.0000000Z,2017-09-22T00:00:34.0000000Z,2017-09-22T12:00:00.0000000Z,2017-09-22T00:00:00.0000000Z,3792,10084.240340029
66,262.89,265.0,250.0,256.19,2017-09-22T23:59:09.0000000Z,2017-09-22T12:00:17.0000000Z,2017-09-23T00:00:00.0000000Z,2017-09-22T12:00:00.0000000Z,3887,8856.269683649
67,284.04,284.04,258.95,263.0,2017-09-23T11:59:54.0000000Z,2017-09-23T00:09:02.0000000Z,2017-09-23T12:00:00.0000000Z,2017-09-23T00:00:00.0000000Z,3601,7513.70685041
68,285.58,286.28,274.68,284.04,2017-09-23T23:59:09.0000000Z,2017-09-23T12:00:01.0000000Z,2017-09-24T00:00:00.0000000Z,2017-09-23T12:00:00.0000000Z,3570,8278.814715908
69,281.13,294.22,275.59,285.31,2017-09-24T11:58:26.0000000Z,2017-09-24T00:00:16.0000000Z,2017-09-24T12:00:00.0000000Z,2017-09-24T00:00:00.0000000Z,3517,7926.226303808
70,283.58,289.92,278.01,281.59,2017-09-24T23:59:47.0000000Z,2017-09-24T12:00:04.0000000Z,2017-09-25T00:00:00.0000000Z,2017-09-24T12:00:00.0000000Z,2910,6628.935495488
71,288.12,291.23,282.2,283.48,2017-09-25T11:57:53.0000000Z,2017-09-25T00:00:13.0000000Z,2017-09-25T12:00:00.0000000Z,2017-09-25T00:00:00.0000000Z,3785,7221.235336878
72,294.94,297.53,286.87,288.08,2017-09-25T23:54:36.0000000Z,2017-09-25T12:01:41.0000000Z,2017-09-26T00:00:00.0000000Z,2017-09-25T12:00:00.0000000Z,5389,15897.868722434
73,293.0,295.3,287.1,294.45,2017-09-26T11:59:58.0000000Z,2017-09-26T00:00:48.0000000Z,2017-09-26T12:00:00.0000000Z,2017-09-26T00:00:00.0000000Z,3082,8863.195032768
74,288.94,293.8,285.22,293.01,2017-09-26T23:59:26.0000000Z,2017-09-26T12:00:01.0000000Z,2017-09-27T00:00:00.0000000Z,2017-09-26T12:00:00.0000000Z,3282,5758.577444237
75,295.48,297.76,287.22,288.43,2017-09-27T11:59:58.0000000Z,2017-09-27T00:00:09.0000000Z,2017-09-27T12:00:00.0000000Z,2017-09-27T00:00:00.0000000Z,3401,8207.647578
76,310.35,313.0,294.5,295.48,2017-09-27T23:57:20.0000000Z,2017-09-27T12:00:04.0000000Z,2017-09-28T00:00:00.0000000Z,2017-09-27T12:00:00.0000000Z,7633,27098.215040274
77,302.0,310.96,300.0,310.38,2017-09-28T11:59:40.0000000Z,2017-09-28T00:00:55.0000000Z,2017-09-28T12:00:00.0000000Z,2017-09-28T00:00:00.0000000Z,3271,7870.165573418
78,302.42,303.44,294.52,302.02,2017-09-28T23:57:51.0000000Z,2017-09-28T12:00:05.0000000Z,2017-09-29T00:00:00.0000000Z,2017-09-28T12:00:00.0000000Z,2760,9956.930482778
79,294.99,303.59,278.42,302.42,2017-09-29T11:59:32.0000000Z,2017-09-29T00:01:47.0000000Z,2017-09-29T12:00:00.0000000Z,2017-09-29T00:00:00.0000000Z,5080,18096.363778556
80,291.57,299.5,288.41,294.99,2017-09-29T23:41:31.0000000Z,2017-09-29T12:00:10.0000000Z,2017-09-30T00:00:00.0000000Z,2017-09-29T12:00:00.0000000Z,3045,8598.100187328
81,300.34,302.64,283.0,291.65,2017-09-30T11:59:02.0000000Z,2017-09-30T00:00:50.0000000Z,2017-09-30T12:00:00.0000000Z,2017-09-30T00:00:00.0000000Z,2037,6122.537562667
82,301.35,304.76,298.5,300.37,2017-09-30T23:54:08.0000000Z,2017-09-30T12:00:01.0000000Z,2017-10-01T00:00:00.0000000Z,2017-09-30T12:00:00.0000000Z,2258,5965.97197986
83,297.13,302.32,287.86,300.99,2017-10-01T11:59:50.0000000Z,2017-10-01T00:03:29.0000000Z,2017-10-01T12:00:00.0000000Z,2017-10-01T00:00:00.0000000Z,1329,3759.60288557
84,302.92,303.06,286.16,297.07,2017-10-01T23:59:43.0000000Z,2017-10-01T12:00:26.0000000Z,2017-10-02T00:00:00.0000000Z,2017-10-01T12:00:00.0000000Z,1856,5118.580735847
85,299.01,303.06,290.6,301.24,2017-10-02T11:59:37.0000000Z,2017-10-02T00:00:00.0000000Z,2017-10-02T12:00:00.0000000Z,2017-10-02T00:00:00.0000000Z,1495,5193.49106984
86,296.97,299.53,292.7,298.81,2017-10-02T23:57:26.0000000Z,2017-10-02T12:01:26.0000000Z,2017-10-03T00:00:00.0000000Z,2017-10-02T12:00:00.0000000Z,1911,7195.60589633
87,291.8,299.4,286.12,296.12,2017-10-03T11:57:38.0000000Z,2017-10-03T00:00:46.0000000Z,2017-10-03T12:00:00.0000000Z,2017-10-03T00:00:00.0000000Z,1588,5418.584902438
88,292.21,294.0,287.95,292.15,2017-10-03T23:58:38.0000000Z,2017-10-03T12:00:16.0000000Z,2017-10-04T00:00:00.0000000Z,2017-10-03T12:00:00.0000000Z,1544,4332.125397048
89,292.49,295.56,289.81,291.82,2017-10-04T11:58:33.0000000Z,2017-10-04T00:02:16.0000000Z,2017-10-04T12:00:00.0000000Z,2017-10-04T00:00:00.0000000Z,924,1847.10323224
90,291.79,293.65,288.25,291.36,2017-10-04T23:55:07.0000000Z,2017-10-04T12:02:07.0000000Z,2017-10-05T00:00:00.0000000Z,2017-10-04T12:00:00.0000000Z,1543,3217.246341558
91,290.52,294.25,286.5,291.4,2017-10-05T11:55:47.0000000Z,2017-10-05T00:00:21.0000000Z,2017-10-05T12:00:00.0000000Z,2017-10-05T00:00:00.0000000Z,1887,3484.954863349
92,294.61,297.5,290.79,290.82,2017-10-05T23:57:13.0000000Z,2017-10-05T12:02:06.0000000Z,2017-10-06T00:00:00.0000000Z,2017-10-05T12:00:00.0000000Z,2324,5372.391060139
93,300.73,301.0,292.71,294.6,2017-10-06T11:58:00.0000000Z,2017-10-06T00:00:03.0000000Z,2017-10-06T12:00:00.0000000Z,2017-10-06T00:00:00.0000000Z,1504,4252.428507466
94,307.52,308.8,297.51,300.46,2017-10-06T23:59:58.0000000Z,2017-10-06T12:09:34.0000000Z,2017-10-07T00:00:00.0000000Z,2017-10-06T12:00:00.0000000Z,2989,7131.345043248
95,305.0,314.43,301.0,307.52,2017-10-07T11:51:56.0000000Z,2017-10-07T00:01:07.0000000Z,2017-10-07T12:00:00.0000000Z,2017-10-07T00:00:00.0000000Z,1878,4283.58202708
96,311.0,314.2,304.76,304.91,2017-10-07T23:59:33.0000000Z,2017-10-07T12:00:44.0000000Z,2017-10-08T00:00:00.0000000Z,2017-10-07T12:00:00.0000000Z,1273,3164.182637869
97,309.76,313.69,307.1,311.0,2017-10-08T11:59:55.0000000Z,2017-10-08T00:00:46.0000000Z,2017-10-08T12:00:00.0000000Z,2017-10-08T00:00:00.0000000Z,1270,3441.87888234
98,308.65,313.9,307.01,310.25,2017-10-08T23:59:01.0000000Z,2017-10-08T12:01:22.0000000Z,2017-10-09T00:00:00.0000000Z,2017-10-08T12:00:00.0000000Z,2761,6287.366817404
99,304.84,309.75,301.02,308.63,2017-10-09T11:58:20.0000000Z,2017-10-09T00:02:51.0000000Z,2017-10-09T12:00:00.0000000Z,2017-10-09T00:00:00.0000000Z,1902,8682.056082069
100,295.94,305.5,285.0,304.85,2017-10-09T23:59:38.0000000Z,2017-10-09T12:00:40.0000000Z,2017-10-10T00:00:00.0000000Z,2017-10-09T12:00:00.0000000Z,4049,15857.070875239
101,298.9,299.52,291.0,296.8,2017-10-10T11:59:52.0000000Z,2017-10-10T00:02:13.0000000Z,2017-10-10T12:00:00.0000000Z,2017-10-10T00:00:00.0000000Z,1758,4124.99047956
102,298.06,304.99,296.17,298.99,2017-10-10T23:56:47.0000000Z,2017-10-10T12:07:01.0000000Z,2017-10-11T00:00:00.0000000Z,2017-10-10T12:00:00.0000000Z,2241,5811.674016589
103,298.87,303.29,297.0,298.98,2017-10-11T11:59:13.0000000Z,2017-10-11T00:01:03.0000000Z,2017-10-11T12:00:00.0000000Z,2017-10-11T00:00:00.0000000Z,994,2458.12550515
104,303.25,304.43,298.79,298.79,2017-10-11T23:59:22.0000000Z,2017-10-11T12:00:05.0000000Z,2017-10-12T00:00:00.0000000Z,2017-10-11T12:00:00.0000000Z,1240,6270.9819191
105,306.83,308.47,302.11,303.07,2017-10-12T11:59:32.0000000Z,2017-10-12T00:04:28.0000000Z,2017-10-12T12:00:00.0000000Z,2017-10-12T00:00:00.0000000Z,2051,6505.823518369
106,302.71,307.5,299.01,306.03,2017-10-12T23:59:54.0000000Z,2017-10-12T12:00:20.0000000Z,2017-10-13T00:00:00.0000000Z,2017-10-12T12:00:00.0000000Z,3629,17118.605036639
107,328.33,333.0,295.76,302.71,2017-10-13T11:59:39.0000000Z,2017-10-13T00:00:00.0000000Z,2017-10-13T12:00:00.0000000Z,2017-10-13T00:00:00.0000000Z,7741,25299.169020648
108,336.87,348.48,328.0,328.33,2017-10-13T23:59:29.0000000Z,2017-10-13T12:00:00.0000000Z,2017-10-14T00:00:00.0000000Z,2017-10-13T12:00:00.0000000Z,7197,22613.825969465
109,338.77,346.0,333.02,337.54,2017-10-14T11:59:51.0000000Z,2017-10-14T00:04:01.0000000Z,2017-10-14T12:00:00.0000000Z,2017-10-14T00:00:00.0000000Z,3052,9744.175604099
110,338.04,346.69,334.5,337.89,2017-10-14T23:59:54.0000000Z,2017-10-14T12:00:00.0000000Z,2017-10-15T00:00:00.0000000Z,2017-10-14T12:00:00.0000000Z,2722,6703.781127288
111,321.04,341.35,315.7,338.02,2017-10-15T11:58:06.0000000Z,2017-10-15T00:00:17.0000000Z,2017-10-15T12:00:00.0000000Z,2017-10-15T00:00:00.0000000Z,3784,10942.302543516
112,335.21,337.52,319.0,319.01,2017-10-15T23:59:28.0000000Z,2017-10-15T12:00:54.0000000Z,2017-10-16T00:00:00.0000000Z,2017-10-15T12:00:00.0000000Z,2466,3648.692179249
113,340.61,350.96,335.0,335.29,2017-10-16T11:59:50.0000000Z,2017-10-16T00:00:05.0000000Z,2017-10-16T12:00:00.0000000Z,2017-10-16T00:00:00.0000000Z,4987,12885.692674275
114,333.59,343.59,330.6,340.64,2017-10-16T23:57:47.0000000Z,2017-10-16T12:00:12.0000000Z,2017-10-17T00:00:00.0000000Z,2017-10-16T12:00:00.0000000Z,3441,10251.930024789
115,323.0,335.1,322.28,334.03,2017-10-17T11:59:55.0000000Z,2017-10-17T00:01:17.0000000Z,2017-10-17T12:00:00.0000000Z,2017-10-17T00:00:00.0000000Z,2624,7143.932664047
116,316.6,324.0,310.22,323.0,2017-10-17T23:58:42.0000000Z,2017-10-17T12:00:10.0000000Z,2017-10-18T00:00:00.0000000Z,2017-10-17T12:00:00.0000000Z,3543,13099.28760805
117,298.07,316.1,296.23,315.82,2017-10-18T11:58:33.0000000Z,2017-10-18T00:03:23.0000000Z,2017-10-18T12:00:00.0000000Z,2017-10-18T00:00:00.0000000Z,2938,9940.45447276
118,314.1,315.0,287.08,298.34,2017-10-18T23:58:41.0000000Z,2017-10-18T12:00:40.0000000Z,2017-10-19T00:00:00.0000000Z,2017-10-18T12:00:00.0000000Z,4903,16016.351038386
119,306.53,316.75,305.03,314.1,2017-10-19T11:59:50.0000000Z,2017-10-19T00:01:26.0000000Z,2017-10-19T12:00:00.0000000Z,2017-10-19T00:00:00.0000000Z,2023,6618.679058078
120,308.17,314.43,304.31,306.58,2017-10-19T23:54:28.0000000Z,2017-10-19T12:00:05.0000000Z,2017-10-20T00:00:00.0000000Z,2017-10-19T12:00:00.0000000Z,2224,6648.293438219
121,304.51,309.49,302.0,307.5,2017-10-20T11:58:26.0000000Z,2017-10-20T00:01:21.0000000Z,2017-10-20T12:00:00.0000000Z,2017-10-20T00:00:00.0000000Z,1248,4112.64592124
122,302.4,312.01,301.0,304.98,2017-10-20T23:57:30.0000000Z,2017-10-20T12:03:50.0000000Z,2017-10-21T00:00:00.0000000Z,2017-10-20T12:00:00.0000000Z,3055,8421.975969423
123,295.1,303.39,292.94,302.5,2017-10-21T11:59:11.0000000Z,2017-10-21T00:01:45.0000000Z,2017-10-21T12:00:00.0000000Z,2017-10-21T00:00:00.0000000Z,1842,8062.084483839
124,299.1,303.98,290.34,295.16,2017-10-21T23:57:51.0000000Z,2017-10-21T12:00:21.0000000Z,2017-10-22T00:00:00.0000000Z,2017-10-21T12:00:00.0000000Z,3779,16568.094853768
125,293.17,305.57,289.49,299.58,2017-10-22T11:59:51.0000000Z,2017-10-22T00:01:45.0000000Z,2017-10-22T12:00:00.0000000Z,2017-10-22T00:00:00.0000000Z,2626,8574.596005279
126,294.07,296.59,290.13,293.62,2017-10-22T23:38:49.0000000Z,2017-10-22T12:01:43.0000000Z,2017-10-23T00:00:00.0000000Z,2017-10-22T12:00:00.0000000Z,1628,6251.454401187
127,286.36,293.71,281.0,293.71,2017-10-23T11:59:59.0000000Z,2017-10-23T00:04:27.0000000Z,2017-10-23T12:00:00.0000000Z,2017-10-23T00:00:00.0000000Z,2425,9199.112776609
128,285.03,286.5,271.54,286.01,2017-10-23T23:58:55.0000000Z,2017-10-23T12:00:22.0000000Z,2017-10-24T00:00:00.0000000Z,2017-10-23T12:00:00.0000000Z,3841,14924.456273884
129,310.01,311.9,277.06,283.93,2017-10-24T11:59:36.0000000Z,2017-10-24T00:01:15.0000000Z,2017-10-24T12:00:00.0000000Z,2017-10-24T00:00:00.0000000Z,4186,12284.98232798
130,297.13,312.62,295.0,310.0,2017-10-24T23:58:17.0000000Z,2017-10-24T12:00:15.0000000Z,2017-10-25T00:00:00.0000000Z,2017-10-24T12:00:00.0000000Z,3215,9258.731968837
131,294.04,301.46,289.21,297.37,2017-10-25T11:59:55.0000000Z,2017-10-25T00:00:45.0000000Z,2017-10-25T12:00:00.0000000Z,2017-10-25T00:00:00.0000000Z,2557,4178.888423027
132,296.57,301.78,291.98,294.97,2017-10-25T23:59:30.0000000Z,2017-10-25T12:00:08.0000000Z,2017-10-26T00:00:00.0000000Z,2017-10-25T12:00:00.0000000Z,1576,2686.662368508
133,300.31,300.7,293.93,296.32,2017-10-26T11:59:43.0000000Z,2017-10-26T00:01:03.0000000Z,2017-10-26T12:00:00.0000000Z,2017-10-26T00:00:00.0000000Z,1008,2400.06582663
134,295.63,301.44,293.45,300.23,2017-10-26T23:51:49.0000000Z,2017-10-26T12:01:30.0000000Z,2017-10-27T00:00:00.0000000Z,2017-10-26T12:00:00.0000000Z,1734,4095.93344637
135,297.03,299.49,295.0,295.43,2017-10-27T11:51:36.0000000Z,2017-10-27T00:01:21.0000000Z,2017-10-27T12:00:00.0000000Z,2017-10-27T00:00:00.0000000Z,813,2117.58643662
136,296.23,297.86,292.0,297.31,2017-10-27T23:59:51.0000000Z,2017-10-27T12:01:00.0000000Z,2017-10-28T00:00:00.0000000Z,2017-10-27T12:00:00.0000000Z,1634,3145.48944977
137,294.25,297.9,292.9,296.23,2017-10-28T11:58:50.0000000Z,2017-10-28T00:00:21.0000000Z,2017-10-28T12:00:00.0000000Z,2017-10-28T00:00:00.0000000Z,2337,2679.63589157
138,293.25,297.74,291.75,294.15,2017-10-28T23:43:20.0000000Z,2017-10-28T12:00:22.0000000Z,2017-10-29T00:00:00.0000000Z,2017-10-28T12:00:00.0000000Z,2422,3273.59961885
139,305.92,309.0,292.97,293.78,2017-10-29T11:59:58.0000000Z,2017-10-29T00:01:23.0000000Z,2017-10-29T12:00:00.0000000Z,2017-10-29T00:00:00.0000000Z,1512,4179.33787862
140,303.59,311.0,303.0,306.01,2017-10-29T23:59:40.0000000Z,2017-10-29T12:00:10.0000000Z,2017-10-30T00:00:00.0000000Z,2017-10-29T12:00:00.0000000Z,2715,8354.001645238
141,308.82,310.99,303.0,303.02,2017-10-30T11:56:00.0000000Z,2017-10-30T00:01:36.0000000Z,2017-10-30T12:00:00.0000000Z,2017-10-30T00:00:00.0000000Z,1340,3769.567996919
142,306.73,308.98,304.29,308.9,2017-10-30T23:59:28.0000000Z,2017-10-30T12:00:57.0000000Z,2017-10-31T00:00:00.0000000Z,2017-10-30T12:00:00.0000000Z,1638,4766.756027909
143,308.89,310.4,304.78,306.6,2017-10-31T11:59:07.0000000Z,2017-10-31T00:00:42.0000000Z,2017-10-31T12:00:00.0000000Z,2017-10-31T00:00:00.0000000Z,1081,3865.4233158
144,303.26,309.25,301.28,308.6,2017-10-31T23:59:53.0000000Z,2017-10-31T12:00:22.0000000Z,2017-11-01T00:00:00.0000000Z,2017-10-31T12:00:00.0000000Z,2472,9140.69229034
145,295.0,306.25,293.1,303.01,2017-11-01T11:59:50.0000000Z,2017-11-01T00:00:16.0000000Z,2017-11-01T12:00:00.0000000Z,2017-11-01T00:00:00.0000000Z,2499,7213.751781249
146,289.3,302.87,287.0,295.7,2017-11-01T23:59:58.0000000Z,2017-11-01T12:01:29.0000000Z,2017-11-02T00:00:00.0000000Z,2017-11-01T12:00:00.0000000Z,2408,7677.056508329
147,288.78,293.12,275.0,289.01,2017-11-02T11:59:37.0000000Z,2017-11-02T00:00:15.0000000Z,2017-11-02T12:00:00.0000000Z,2017-11-02T00:00:00.0000000Z,4419,18161.799742367
148,284.83,291.37,280.96,287.91,2017-11-02T23:59:59.0000000Z,2017-11-02T12:00:01.0000000Z,2017-11-03T00:00:00.0000000Z,2017-11-02T12:00:00.0000000Z,3043,12235.693927465
149,297.99,298.7,282.24,284.79,2017-11-03T11:59:22.0000000Z,2017-11-03T00:00:00.0000000Z,2017-11-03T12:00:00.0000000Z,2017-11-03T00:00:00.0000000Z,4305,14351.591278209
150,305.28,309.42,295.17,297.91,2017-11-03T23:58:55.0000000Z,2017-11-03T12:01:40.0000000Z,2017-11-04T00:00:00.0000000Z,2017-11-03T12:00:00.0000000Z,3768,11311.808294507
151,301.02,305.3,292.0,305.3,2017-11-04T11:55:07.0000000Z,2017-11-04T00:00:02.0000000Z,2017-11-04T12:00:00.0000000Z,2017-11-04T00:00:00.0000000Z,1239,4473.550372809
152,300.55,306.9,296.0,301.02,2017-11-04T23:56:37.0000000Z,2017-11-04T12:01:13.0000000Z,2017-11-05T00:00:00.0000000Z,2017-11-04T12:00:00.0000000Z,1277,4466.645773599
153,297.5,301.46,296.5,300.73,2017-11-05T11:59:27.0000000Z,2017-11-05T00:00:02.0000000Z,2017-11-05T12:00:00.0000000Z,2017-11-05T00:00:00.0000000Z,627,1641.739549319
154,294.6,299.75,294.03,297.51,2017-11-05T23:54:45.0000000Z,2017-11-05T12:00:08.0000000Z,2017-11-06T00:00:00.0000000Z,2017-11-05T12:00:00.0000000Z,1248,4313.546056789
155,300.67,300.98,291.5,295.72,2017-11-06T11:59:26.0000000Z,2017-11-06T00:00:31.0000000Z,2017-11-06T12:00:00.0000000Z,2017-11-06T00:00:00.0000000Z,1655,6395.29784911
156,296.62,304.48,296.12,300.94,2017-11-06T23:59:57.0000000Z,2017-11-06T12:00:10.0000000Z,2017-11-07T00:00:00.0000000Z,2017-11-06T12:00:00.0000000Z,3850,12982.508922357
157,302.55,304.0,295.83,297.33,2017-11-07T11:59:52.0000000Z,2017-11-07T00:02:33.0000000Z,2017-11-07T12:00:00.0000000Z,2017-11-07T00:00:00.0000000Z,1848,5641.39536475
158,292.79,306.23,284.01,302.41,2017-11-07T23:59:56.0000000Z,2017-11-07T12:02:20.0000000Z,2017-11-08T00:00:00.0000000Z,2017-11-07T12:00:00.0000000Z,4413,24883.746200446
159,299.2,300.16,291.06,292.52,2017-11-08T11:59:19.0000000Z,2017-11-08T00:00:53.0000000Z,2017-11-08T12:00:00.0000000Z,2017-11-08T00:00:00.0000000Z,2019,8307.816164158
160,307.88,321.99,298.0,299.2,2017-11-08T23:59:58.0000000Z,2017-11-08T12:00:09.0000000Z,2017-11-09T00:00:00.0000000Z,2017-11-08T12:00:00.0000000Z,6833,24145.145089507
161,315.98,319.0,306.5,307.88,2017-11-09T11:58:38.0000000Z,2017-11-09T00:00:22.0000000Z,2017-11-09T12:00:00.0000000Z,2017-11-09T00:00:00.0000000Z,4320,14434.62065535
162,321.32,331.7,314.78,315.34,2017-11-09T23:58:15.0000000Z,2017-11-09T12:00:25.0000000Z,2017-11-10T00:00:00.0000000Z,2017-11-09T12:00:00.0000000Z,4128,17145.517273698
163,313.07,325.61,313.0,320.13,2017-11-10T11:59:38.0000000Z,2017-11-10T00:00:32.0000000Z,2017-11-10T12:00:00.0000000Z,2017-11-10T00:00:00.0000000Z,3172,11033.901473979
164,298.66,316.25,291.0,313.6,2017-11-10T23:59:51.0000000Z,2017-11-10T12:02:29.0000000Z,2017-11-11T00:00:00.0000000Z,2017-11-10T12:00:00.0000000Z,6017,23556.446965793
165,301.32,307.62,298.0,298.65,2017-11-11T11:59:59.0000000Z,2017-11-11T00:00:26.0000000Z,2017-11-11T12:00:00.0000000Z,2017-11-11T00:00:00.0000000Z,2299,5562.979892366
166,315.76,322.19,298.22,301.29,2017-11-11T23:59:43.0000000Z,2017-11-11T12:00:03.0000000Z,2017-11-12T00:00:00.0000000Z,2017-11-11T12:00:00.0000000Z,6183,18338.133206028
167,303.78,316.34,300.11,315.29,2017-11-12T11:59:54.0000000Z,2017-11-12T00:03:04.0000000Z,2017-11-12T12:00:00.0000000Z,2017-11-12T00:00:00.0000000Z,9923,26999.20626744
168,306.2,318.98,301.0,303.56,2017-11-12T23:59:54.0000000Z,2017-11-12T12:00:28.0000000Z,2017-11-13T00:00:00.0000000Z,2017-11-12T12:00:00.0000000Z,7067,21406.699405596
169,317.99,320.69,305.91,306.11,2017-11-13T11:59:53.0000000Z,2017-11-13T00:00:06.0000000Z,2017-11-13T12:00:00.0000000Z,2017-11-13T00:00:00.0000000Z,5138,14818.474153277
170,316.14,318.83,310.14,316.9,2017-11-13T23:59:07.0000000Z,2017-11-13T12:00:15.0000000Z,2017-11-14T00:00:00.0000000Z,2017-11-13T12:00:00.0000000Z,7804,21822.771645189
171,326.18,340.99,314.95,315.81,2017-11-14T11:59:02.0000000Z,2017-11-14T00:00:38.0000000Z,2017-11-14T12:00:00.0000000Z,2017-11-14T00:00:00.0000000Z,6186,30550.671712547
172,335.54,338.0,321.01,325.78,2017-11-14T23:59:53.0000000Z,2017-11-14T12:02:14.0000000Z,2017-11-15T00:00:00.0000000Z,2017-11-14T12:00:00.0000000Z,4769,18218.893542319
173,337.16,340.0,331.42,335.54,2017-11-15T11:58:15.0000000Z,2017-11-15T00:02:26.0000000Z,2017-11-15T12:00:00.0000000Z,2017-11-15T00:00:00.0000000Z,3374,12659.558236888
174,331.87,338.75,323.19,337.03,2017-11-15T23:58:36.0000000Z,2017-11-15T12:00:07.0000000Z,2017-11-16T00:00:00.0000000Z,2017-11-15T12:00:00.0000000Z,3526,14392.992667388
175,325.04,332.87,321.0,332.44,2017-11-16T11:59:20.0000000Z,2017-11-16T00:00:05.0000000Z,2017-11-16T12:00:00.0000000Z,2017-11-16T00:00:00.0000000Z,1978,10707.529125138
176,329.91,335.16,324.58,325.49,2017-11-16T23:58:22.0000000Z,2017-11-16T12:00:06.0000000Z,2017-11-17T00:00:00.0000000Z,2017-11-16T12:00:00.0000000Z,5049,23652.948346577
177,329.93,333.0,325.0,330.88,2017-11-17T11:59:25.0000000Z,2017-11-17T00:00:57.0000000Z,2017-11-17T12:00:00.0000000Z,2017-11-17T00:00:00.0000000Z,3245,12151.3697048
178,331.25,334.86,329.63,329.82,2017-11-17T23:58:52.0000000Z,2017-11-17T12:00:27.0000000Z,2017-11-18T00:00:00.0000000Z,2017-11-17T12:00:00.0000000Z,2553,12565.541663869
179,333.0,333.0,326.3,331.2,2017-11-18T11:59:57.0000000Z,2017-11-18T00:00:11.0000000Z,2017-11-18T12:00:00.0000000Z,2017-11-18T00:00:00.0000000Z,2169,5184.564214346
180,346.96,349.31,330.38,333.0,2017-11-18T23:59:59.0000000Z,2017-11-18T12:00:09.0000000Z,2017-11-19T00:00:00.0000000Z,2017-11-18T12:00:00.0000000Z,3532,20879.725787289
181,359.2,372.0,344.01,346.96,2017-11-19T11:59:52.0000000Z,2017-11-19T00:00:25.0000000Z,2017-11-19T12:00:00.0000000Z,2017-11-19T00:00:00.0000000Z,3407,18618.852023438
182,354.48,362.36,345.0,359.2,2017-11-19T23:59:29.0000000Z,2017-11-19T12:00:03.0000000Z,2017-11-20T00:00:00.0000000Z,2017-11-19T12:00:00.0000000Z,3411,13520.832563676
183,358.6,359.99,351.0,354.49,2017-11-20T11:56:58.0000000Z,2017-11-20T00:00:14.0000000Z,2017-11-20T12:00:00.0000000Z,2017-11-20T00:00:00.0000000Z,3180,5072.933671709
184,366.0,372.88,350.0,357.54,2017-11-20T23:59:48.0000000Z,2017-11-20T12:00:07.0000000Z,2017-11-21T00:00:00.0000000Z,2017-11-20T12:00:00.0000000Z,5038,23097.766704229
185,367.99,372.94,345.52,367.52,2017-11-21T11:59:12.0000000Z,2017-11-21T00:00:12.0000000Z,2017-11-21T12:00:00.0000000Z,2017-11-21T00:00:00.0000000Z,6068,27651.323638319
186,359.6,371.5,352.0,367.99,2017-11-21T23:58:29.0000000Z,2017-11-21T12:00:51.0000000Z,2017-11-22T00:00:00.0000000Z,2017-11-21T12:00:00.0000000Z,5541,23493.845657596
187,367.27,369.24,358.33,359.93,2017-11-22T11:59:59.0000000Z,2017-11-22T00:01:00.0000000Z,2017-11-22T12:00:00.0000000Z,2017-11-22T00:00:00.0000000Z,2103,8195.08200363
188,380.88,383.94,359.0,366.2,2017-11-22T23:59:54.0000000Z,2017-11-22T12:01:37.0000000Z,2017-11-23T00:00:00.0000000Z,2017-11-22T12:00:00.0000000Z,4655,26747.463471658
189,399.5,405.9,370.11,381.78,2017-11-23T11:59:42.0000000Z,2017-11-23T00:00:00.0000000Z,2017-11-23T12:00:00.0000000Z,2017-11-23T00:00:00.0000000Z,6010,30865.376249815
190,406.75,426.04,391.13,398.7,2017-11-23T23:59:57.0000000Z,2017-11-23T12:00:03.0000000Z,2017-11-24T00:00:00.0000000Z,2017-11-23T12:00:00.0000000Z,9729,46543.317905582
191,417.19,420.59,395.0,406.75,2017-11-24T11:59:56.0000000Z,2017-11-24T00:00:01.0000000Z,2017-11-24T12:00:00.0000000Z,2017-11-24T00:00:00.0000000Z,7600,33637.477282172
192,471.17,478.99,415.83,418.0,2017-11-24T23:59:49.0000000Z,2017-11-24T12:00:02.0000000Z,2017-11-25T00:00:00.0000000Z,2017-11-24T12:00:00.0000000Z,12162,51316.550012104
193,463.84,483.0,451.0,470.73,2017-11-25T11:59:52.0000000Z,2017-11-25T00:00:28.0000000Z,2017-11-25T12:00:00.0000000Z,2017-11-25T00:00:00.0000000Z,5309,17126.102715612
194,463.0,474.8,460.12,463.92,2017-11-25T23:57:58.0000000Z,2017-11-25T12:00:21.0000000Z,2017-11-26T00:00:00.0000000Z,2017-11-25T12:00:00.0000000Z,4623,13958.068131886
195,459.2,462.99,438.09,461.89,2017-11-26T11:59:29.0000000Z,2017-11-26T00:00:07.0000000Z,2017-11-26T12:00:00.0000000Z,2017-11-26T00:00:00.0000000Z,5306,15093.609089879
196,467.0,472.76,444.0,458.98,2017-11-26T23:59:46.0000000Z,2017-11-26T12:00:03.0000000Z,2017-11-27T00:00:00.0000000Z,2017-11-26T12:00:00.0000000Z,5261,13913.443622866
197,473.3,487.0,456.24,468.99,2017-11-27T11:59:59.0000000Z,2017-11-27T00:00:50.0000000Z,2017-11-27T12:00:00.0000000Z,2017-11-27T00:00:00.0000000Z,8668,27733.469273143
198,474.67,483.0,461.86,473.3,2017-11-27T23:58:12.0000000Z,2017-11-27T12:00:02.0000000Z,2017-11-28T00:00:00.0000000Z,2017-11-27T12:00:00.0000000Z,7055,26166.879484278
199,467.0,478.15,467.0,474.21,2017-11-28T11:59:59.0000000Z,2017-11-28T00:01:13.0000000Z,2017-11-28T12:00:00.0000000Z,2017-11-28T00:00:00.0000000Z,4180,11849.806711418
200,464.95,472.22,457.61,467.1,2017-11-28T23:59:59.0000000Z,2017-11-28T12:00:02.0000000Z,2017-11-29T00:00:00.0000000Z,2017-11-28T12:00:00.0000000Z,8127,37828.261856711
201,475.7,482.0,450.09,464.1,2017-11-29T11:59:49.0000000Z,2017-11-29T00:00:31.0000000Z,2017-11-29T12:00:00.0000000Z,2017-11-29T00:00:00.0000000Z,8187,36343.423047286
202,423.9,519.23,403.0,475.7,2017-11-29T23:59:53.0000000Z,2017-11-29T12:00:22.0000000Z,2017-11-30T00:00:00.0000000Z,2017-11-29T12:00:00.0000000Z,20128,92753.855947228
203,426.98,455.99,416.01,424.0,2017-11-30T11:59:57.0000000Z,2017-11-30T00:00:03.0000000Z,2017-11-30T12:00:00.0000000Z,2017-11-30T00:00:00.0000000Z,6003,19051.744219755
204,435.09,445.0,388.0,426.98,2017-11-30T23:59:59.0000000Z,2017-11-30T12:00:03.0000000Z,2017-12-01T00:00:00.0000000Z,2017-11-30T12:00:00.0000000Z,11090,40092.968586619
205,436.96,440.48,415.16,435.0,2017-12-01T11:59:55.0000000Z,2017-12-01T00:00:00.0000000Z,2017-12-01T12:00:00.0000000Z,2017-12-01T00:00:00.0000000Z,4361,10487.964777579
206,460.3,469.4,435.0,437.42,2017-12-01T23:59:53.0000000Z,2017-12-01T12:00:07.0000000Z,2017-12-02T00:00:00.0000000Z,2017-12-01T12:00:00.0000000Z,8241,20138.909634855
207,460.59,472.32,449.14,459.6,2017-12-02T11:59:43.0000000Z,2017-12-02T00:05:06.0000000Z,2017-12-02T12:00:00.0000000Z,2017-12-02T00:00:00.0000000Z,4941,15100.262850147
208,456.04,464.79,447.0,463.06,2017-12-02T23:59:49.0000000Z,2017-12-02T12:00:56.0000000Z,2017-12-03T00:00:00.0000000Z,2017-12-02T12:00:00.0000000Z,2796,8102.779180709
209,477.75,478.0,450.0,456.06,2017-12-03T11:59:58.0000000Z,2017-12-03T00:00:34.0000000Z,2017-12-03T12:00:00.0000000Z,2017-12-03T00:00:00.0000000Z,2971,11058.851283497
210,463.0,482.8,441.02,477.75,2017-12-03T23:59:12.0000000Z,2017-12-03T12:00:12.0000000Z,2017-12-04T00:00:00.0000000Z,2017-12-03T12:00:00.0000000Z,6644,21983.064559767
211,456.27,473.9,453.86,463.0,2017-12-04T11:59:53.0000000Z,2017-12-04T00:00:05.0000000Z,2017-12-04T12:00:00.0000000Z,2017-12-04T00:00:00.0000000Z,3809,14276.06143629
212,467.83,470.78,446.2,456.26,2017-12-04T23:59:42.0000000Z,2017-12-04T12:00:00.0000000Z,2017-12-05T00:00:00.0000000Z,2017-12-04T12:00:00.0000000Z,4883,16791.299839393
213,460.0,471.9,458.1,467.83,2017-12-05T11:59:42.0000000Z,2017-12-05T00:00:18.0000000Z,2017-12-05T12:00:00.0000000Z,2017-12-05T00:00:00.0000000Z,2698,7138.105469988
214,455.76,462.5,450.49,459.99,2017-12-05T23:59:45.0000000Z,2017-12-05T12:00:21.0000000Z,2017-12-06T00:00:00.0000000Z,2017-12-05T12:00:00.0000000Z,4800,15659.033855218
215,439.0,459.85,427.2,453.71,2017-12-06T11:59:51.0000000Z,2017-12-06T00:00:04.0000000Z,2017-12-06T12:00:00.0000000Z,2017-12-06T00:00:00.0000000Z,6307,21096.145457036
216,415.83,444.67,405.88,439.0,2017-12-06T23:59:58.0000000Z,2017-12-06T12:00:00.0000000Z,2017-12-07T00:00:00.0000000Z,2017-12-06T12:00:00.0000000Z,8615,29883.728161895
217,415.01,436.42,400.0,417.09,2017-12-07T11:59:37.0000000Z,2017-12-07T00:00:35.0000000Z,2017-12-07T12:00:00.0000000Z,2017-12-07T00:00:00.0000000Z,6708,28598.572630819
218,411.03,428.0,400.0,415.01,2017-12-07T23:58:19.0000000Z,2017-12-07T12:00:03.0000000Z,2017-12-08T00:00:00.0000000Z,2017-12-07T12:00:00.0000000Z,7209,21826.697642577
219,444.92,453.48,391.0,411.38,2017-12-08T11:59:52.0000000Z,2017-12-08T00:00:22.0000000Z,2017-12-08T12:00:00.0000000Z,2017-12-08T00:00:00.0000000Z,9966,32205.836378785
220,440.27,454.85,425.5,444.84,2017-12-08T23:59:18.0000000Z,2017-12-08T12:00:04.0000000Z,2017-12-09T00:00:00.0000000Z,2017-12-08T12:00:00.0000000Z,8459,25789.315262941
221,464.51,493.23,433.41,441.58,2017-12-09T11:59:53.0000000Z,2017-12-09T00:00:30.0000000Z,2017-12-09T12:00:00.0000000Z,2017-12-09T00:00:00.0000000Z,8919,25364.991633945
222,456.38,497.99,430.2,464.51,2017-12-09T23:59:51.0000000Z,2017-12-09T12:00:02.0000000Z,2017-12-10T00:00:00.0000000Z,2017-12-09T12:00:00.0000000Z,7669,24575.35871094
223,433.87,459.44,418.0,456.41,2017-12-10T11:59:20.0000000Z,2017-12-10T00:00:03.0000000Z,2017-12-10T12:00:00.0000000Z,2017-12-10T00:00:00.0000000Z,4313,12789.430555175
224,425.07,446.2,401.33,430.23,2017-12-10T23:58:07.0000000Z,2017-12-10T12:03:09.0000000Z,2017-12-11T00:00:00.0000000Z,2017-12-10T12:00:00.0000000Z,5038,16718.608586798
225,459.1,464.0,421.17,421.17,2017-12-11T11:59:57.0000000Z,2017-12-11T00:02:09.0000000Z,2017-12-11T12:00:00.0000000Z,2017-12-11T00:00:00.0000000Z,5400,15970.033403906
226,503.47,505.0,448.94,459.22,2017-12-11T23:59:59.0000000Z,2017-12-11T12:00:55.0000000Z,2017-12-12T00:00:00.0000000Z,2017-12-11T12:00:00.0000000Z,8885,28573.413932183
227,525.66,540.0,487.0,500.9,2017-12-12T11:59:56.0000000Z,2017-12-12T00:00:04.0000000Z,2017-12-12T12:00:00.0000000Z,2017-12-12T00:00:00.0000000Z,12544,37659.600138292
228,620.59,645.55,517.13,525.21,2017-12-12T23:59:59.0000000Z,2017-12-12T12:00:12.0000000Z,2017-12-13T00:00:00.0000000Z,2017-12-12T12:00:00.0000000Z,24776,66843.02974901
229,657.95,679.0,585.0,622.42,2017-12-13T11:59:32.0000000Z,2017-12-13T00:00:00.0000000Z,2017-12-13T12:00:00.0000000Z,2017-12-13T00:00:00.0000000Z,18004,46977.004699419
230,694.5,742.23,629.0,658.01,2017-12-13T23:59:59.0000000Z,2017-12-13T12:00:23.0000000Z,2017-12-14T00:00:00.0000000Z,2017-12-13T12:00:00.0000000Z,25863,80736.164429226
231,704.0,745.0,684.47,694.5,2017-12-14T11:59:59.0000000Z,2017-12-14T00:00:01.0000000Z,2017-12-14T12:00:00.0000000Z,2017-12-14T00:00:00.0000000Z,13579,39499.716093378
232,689.7,719.0,647.5,702.91,2017-12-14T23:59:59.0000000Z,2017-12-14T12:00:00.0000000Z,2017-12-15T00:00:00.0000000Z,2017-12-14T12:00:00.0000000Z,19065,49896.454680626
233,644.97,692.0,601.13,689.82,2017-12-15T11:59:22.0000000Z,2017-12-15T00:00:01.0000000Z,2017-12-15T12:00:00.0000000Z,2017-12-15T00:00:00.0000000Z,13271,28960.583910782
234,676.36,692.5,640.01,642.92,2017-12-15T23:59:34.0000000Z,2017-12-15T12:00:00.0000000Z,2017-12-16T00:00:00.0000000Z,2017-12-15T12:00:00.0000000Z,9149,25810.640233667
235,698.5,711.77,673.04,676.37,2017-12-16T11:59:59.0000000Z,2017-12-16T00:00:12.0000000Z,2017-12-16T12:00:00.0000000Z,2017-12-16T00:00:00.0000000Z,4285,11606.209865855
236,684.0,701.62,665.5,698.5,2017-12-16T23:58:54.0000000Z,2017-12-16T12:00:00.0000000Z,2017-12-17T00:00:00.0000000Z,2017-12-16T12:00:00.0000000Z,5291,12299.505303927
237,705.74,720.0,683.06,683.98,2017-12-17T11:59:53.0000000Z,2017-12-17T00:00:09.0000000Z,2017-12-17T12:00:00.0000000Z,2017-12-17T00:00:00.0000000Z,3584,6781.495522838
238,706.93,726.0,698.2,705.52,2017-12-17T23:59:41.0000000Z,2017-12-17T12:00:49.0000000Z,2017-12-18T00:00:00.0000000Z,2017-12-17T12:00:00.0000000Z,5570,20989.926219658
239,743.82,750.98,671.56,709.96,2017-12-18T11:59:59.0000000Z,2017-12-18T00:00:02.0000000Z,2017-12-18T12:00:00.0000000Z,2017-12-18T00:00:00.0000000Z,7470,21846.437443469
240,787.28,800.39,707.63,743.82,2017-12-18T23:59:26.0000000Z,2017-12-18T12:00:00.0000000Z,2017-12-19T00:00:00.0000000Z,2017-12-18T12:00:00.0000000Z,12975,35613.638111043
241,808.0,870.0,772.91,786.98,2017-12-19T11:59:54.0000000Z,2017-12-19T00:00:12.0000000Z,2017-12-19T12:00:00.0000000Z,2017-12-19T00:00:00.0000000Z,16063,43423.945343084
242,817.72,850.99,775.0,808.0,2017-12-19T23:57:35.0000000Z,2017-12-19T12:00:00.0000000Z,2017-12-20T00:00:00.0000000Z,2017-12-19T12:00:00.0000000Z,14864,43674.184283065
243,818.05,820.3,721.02,816.98,2017-12-20T11:59:52.0000000Z,2017-12-20T00:00:03.0000000Z,2017-12-20T12:00:00.0000000Z,2017-12-20T00:00:00.0000000Z,14816,39851.553238001
244,797.1,833.67,760.0,818.12,2017-12-20T23:59:57.0000000Z,2017-12-20T12:00:08.0000000Z,2017-12-21T00:00:00.0000000Z,2017-12-20T12:00:00.0000000Z,13725,41631.463340474
245,832.0,842.73,785.0,799.91,2017-12-21T11:59:59.0000000Z,2017-12-21T00:00:02.0000000Z,2017-12-21T12:00:00.0000000Z,2017-12-21T00:00:00.0000000Z,11545,35322.399643696
246,783.8,839.8,752.0,831.27,2017-12-21T23:59:55.0000000Z,2017-12-21T12:00:06.0000000Z,2017-12-22T00:00:00.0000000Z,2017-12-21T12:00:00.0000000Z,14998,40128.99383637
247,666.73,792.5,600.0,786.99,2017-12-22T11:59:42.0000000Z,2017-12-22T00:00:03.0000000Z,2017-12-22T12:00:00.0000000Z,2017-12-22T00:00:00.0000000Z,34467,78664.983257377
248,669.36,705.8,501.0,668.08,2017-12-22T23:59:44.0000000Z,2017-12-22T12:00:04.0000000Z,2017-12-23T00:00:00.0000000Z,2017-12-22T12:00:00.0000000Z,31577,84543.294866116
249,734.61,737.5,649.57,670.11,2017-12-23T11:59:11.0000000Z,2017-12-23T00:00:02.0000000Z,2017-12-23T12:00:00.0000000Z,2017-12-23T00:00:00.0000000Z,10382,18635.752800319
250,699.86,755.0,690.5,736.82,2017-12-23T23:59:53.0000000Z,2017-12-23T12:00:00.0000000Z,2017-12-24T00:00:00.0000000Z,2017-12-23T12:00:00.0000000Z,10464,22243.390639802
251,628.62,704.93,608.0,702.83,2017-12-24T11:59:26.0000000Z,2017-12-24T00:00:07.0000000Z,2017-12-24T12:00:00.0000000Z,2017-12-24T00:00:00.0000000Z,11116,22297.78174379
252,686.96,695.0,604.19,628.66,2017-12-24T23:59:55.0000000Z,2017-12-24T12:00:11.0000000Z,2017-12-25T00:00:00.0000000Z,2017-12-24T12:00:00.0000000Z,9913,22822.6114182
253,739.63,743.65,684.0,691.72,2017-12-25T11:59:18.0000000Z,2017-12-25T00:00:03.0000000Z,2017-12-25T12:00:00.0000000Z,2017-12-25T00:00:00.0000000Z,9909,26422.030724954
254,724.0,750.0,692.56,736.01,2017-12-25T23:58:19.0000000Z,2017-12-25T12:00:08.0000000Z,2017-12-26T00:00:00.0000000Z,2017-12-25T12:00:00.0000000Z,6873,16283.994114988
255,738.74,765.0,716.7,724.98,2017-12-26T11:59:48.0000000Z,2017-12-26T00:00:03.0000000Z,2017-12-26T12:00:00.0000000Z,2017-12-26T00:00:00.0000000Z,6537,14780.582899253
256,751.09,751.1,730.0,739.98,2017-12-26T23:59:47.0000000Z,2017-12-26T12:00:22.0000000Z,2017-12-27T00:00:00.0000000Z,2017-12-26T12:00:00.0000000Z,4690,9392.633652161
257,745.0,770.0,729.0,751.1,2017-12-27T11:59:44.0000000Z,2017-12-27T00:00:03.0000000Z,2017-12-27T12:00:00.0000000Z,2017-12-27T00:00:00.0000000Z,10247,26991.509622282
258,738.78,753.0,704.54,746.02,2017-12-27T23:59:48.0000000Z,2017-12-27T12:00:19.0000000Z,2017-12-28T00:00:00.0000000Z,2017-12-27T12:00:00.0000000Z,9407,26769.339257263
259,689.75,739.8,666.0,738.73,2017-12-28T11:59:30.0000000Z,2017-12-28T00:00:03.0000000Z,2017-12-28T12:00:00.0000000Z,2017-12-28T00:00:00.0000000Z,8984,19259.405224395
260,717.23,719.99,675.51,685.89,2017-12-28T23:59:43.0000000Z,2017-12-28T12:00:09.0000000Z,2017-12-29T00:00:00.0000000Z,2017-12-28T12:00:00.0000000Z,9346,20839.9370929
261,728.28,748.42,709.0,719.89,2017-12-29T11:59:57.0000000Z,2017-12-29T00:00:03.0000000Z,2017-12-29T12:00:00.0000000Z,2017-12-29T00:00:00.0000000Z,9026,22059.719054572
262,732.67,758.0,715.0,726.53,2017-12-29T23:59:52.0000000Z,2017-12-29T12:00:24.0000000Z,2017-12-30T00:00:00.0000000Z,2017-12-29T12:00:00.0000000Z,10876,22757.121861975
263,719.87,740.72,667.53,733.05,2017-12-30T11:59:50.0000000Z,2017-12-30T00:00:01.0000000Z,2017-12-30T12:00:00.0000000Z,2017-12-30T00:00:00.0000000Z,17387,39846.98629531
264,698.46,721.17,659.06,719.87,2017-12-30T23:59:59.0000000Z,2017-12-30T12:00:00.0000000Z,2017-12-31T00:00:00.0000000Z,2017-12-30T12:00:00.0000000Z,11094,19749.888421802
265,711.39,720.0,687.03,698.45,2017-12-31T11:58:33.0000000Z,2017-12-31T00:00:04.0000000Z,2017-12-31T12:00:00.0000000Z,2017-12-31T00:00:00.0000000Z,6673,12299.484174954
266,743.48,759.08,707.74,711.92,2017-12-31T23:59:57.0000000Z,2017-12-31T12:00:03.0000000Z,2018-01-01T00:00:00.0000000Z,2017-12-31T12:00:00.0000000Z,6306,12472.478366034
267,745.85,768.87,723.47,743.5,2018-01-01T11:59:42.0000000Z,2018-01-01T00:00:01.0000000Z,2018-01-01T12:00:00.0000000Z,2018-01-01T00:00:00.0000000Z,3914,9953.702097006
268,752.78,766.86,722.02,746.64,2018-01-01T23:59:47.0000000Z,2018-01-01T12:00:03.0000000Z,2018-01-02T00:00:00.0000000Z,2018-01-01T12:00:00.0000000Z,5531,19228.239661035
269,851.56,888.0,754.5,754.5,2018-01-02T11:59:41.0000000Z,2018-01-02T00:00:03.0000000Z,2018-01-02T12:00:00.0000000Z,2018-01-02T00:00:00.0000000Z,11712,36651.301804387
270,858.6,879.41,812.07,851.55,2018-01-02T23:59:55.0000000Z,2018-01-02T12:00:08.0000000Z,2018-01-03T00:00:00.0000000Z,2018-01-02T12:00:00.0000000Z,11639,30977.186629492
271,874.93,884.86,850.0,858.6,2018-01-03T11:59:19.0000000Z,2018-01-03T00:00:01.0000000Z,2018-01-03T12:00:00.0000000Z,2018-01-03T00:00:00.0000000Z,8108,22185.962588572
272,940.4,950.0,850.0,874.89,2018-01-03T23:59:51.0000000Z,2018-01-03T12:00:03.0000000Z,2018-01-04T00:00:00.0000000Z,2018-01-03T12:00:00.0000000Z,13011,34931.246230806
273,948.0,948.0,895.52,938.09,2018-01-04T11:59:55.0000000Z,2018-01-04T00:00:02.0000000Z,2018-01-04T12:00:00.0000000Z,2018-01-04T00:00:00.0000000Z,10362,24351.530248759
274,940.0,999.91,910.25,946.4,2018-01-04T23:59:58.0000000Z,2018-01-04T12:00:00.0000000Z,2018-01-05T00:00:00.0000000Z,2018-01-04T12:00:00.0000000Z,18103,52807.229439364
275,995.0,1022.0,928.89,940.49,2018-01-05T11:59:19.0000000Z,2018-01-05T00:00:00.0000000Z,2018-01-05T12:00:00.0000000Z,2018-01-05T00:00:00.0000000Z,11077,31004.913456615
276,966.0,996.98,924.69,995.0,2018-01-05T23:59:59.0000000Z,2018-01-05T12:00:04.0000000Z,2018-01-06T00:00:00.0000000Z,2018-01-05T12:00:00.0000000Z,10612,21016.294351712
277,1000.0,1000.0,950.01,967.46,2018-01-06T11:59:56.0000000Z,2018-01-06T00:00:03.0000000Z,2018-01-06T12:00:00.0000000Z,2018-01-06T00:00:00.0000000Z,5322,12866.872246667
278,1004.27,1009.22,984.15,999.84,2018-01-06T23:59:15.0000000Z,2018-01-06T12:00:21.0000000Z,2018-01-07T00:00:00.0000000Z,2018-01-06T12:00:00.0000000Z,6727,17100.485152318
279,1074.71,1088.88,1000.0,1004.25,2018-01-07T11:59:57.0000000Z,2018-01-07T00:00:03.0000000Z,2018-01-07T12:00:00.0000000Z,2018-01-07T00:00:00.0000000Z,7649,18491.773857362
280,1117.96,1118.72,1053.23,1072.02,2018-01-07T23:59:48.0000000Z,2018-01-07T12:00:01.0000000Z,2018-01-08T00:00:00.0000000Z,2018-01-07T12:00:00.0000000Z,10749,28801.339397889
281,1132.49,1229.76,1103.0,1116.96,2018-01-08T11:59:56.0000000Z,2018-01-08T00:00:03.0000000Z,2018-01-08T12:00:00.0000000Z,2018-01-08T00:00:00.0000000Z,18968,50053.301347665
282,1130.0,1175.26,964.0,1132.49,2018-01-08T23:59:59.0000000Z,2018-01-08T12:00:26.0000000Z,2018-01-09T00:00:00.0000000Z,2018-01-08T12:00:00.0000000Z,22570,59421.181763379
283,1216.0,1245.0,1130.0,1135.94,2018-01-09T11:59:46.0000000Z,2018-01-09T00:00:03.0000000Z,2018-01-09T12:00:00.0000000Z,2018-01-09T00:00:00.0000000Z,15538,39423.214512588
284,1287.47,1301.0,1115.0,1216.0,2018-01-09T23:59:58.0000000Z,2018-01-09T12:00:00.0000000Z,2018-01-10T00:00:00.0000000Z,2018-01-09T12:00:00.0000000Z,21594,63411.637924187
285,1338.86,1378.99,1220.0,1287.45,2018-01-10T11:59:59.0000000Z,2018-01-10T00:00:03.0000000Z,2018-01-10T12:00:00.0000000Z,2018-01-10T00:00:00.0000000Z,24557,52024.276758402
286,1241.89,1351.0,1187.96,1338.86,2018-01-10T23:56:08.0000000Z,2018-01-10T12:00:00.0000000Z,2018-01-11T00:00:00.0000000Z,2018-01-10T12:00:00.0000000Z,19079,43993.66050412
287,1193.19,1334.33,1122.0,1274.0,2018-01-11T11:59:55.0000000Z,2018-01-11T00:03:40.0000000Z,2018-01-11T12:00:00.0000000Z,2018-01-11T00:00:00.0000000Z,14139,29016.069910183
288,1135.0,1232.9,1100.0,1189.98,2018-01-11T23:59:56.0000000Z,2018-01-11T12:00:01.0000000Z,2018-01-12T00:00:00.0000000Z,2018-01-11T12:00:00.0000000Z,11392,26107.449622529
289,1210.05,1224.22,1157.68,1173.43,2018-01-12T10:49:59.0000000Z,2018-01-12T02:00:00.0000000Z,2018-01-12T12:00:00.0000000Z,2018-01-12T00:00:00.0000000Z,4259,8330.478258928
290,1258.68,1288.34,1217.91,1264.98,2018-01-12T23:58:54.0000000Z,2018-01-12T12:50:00.0000000Z,2018-01-13T00:00:00.0000000Z,2018-01-12T12:00:00.0000000Z,6252,16240.416761765
291,1335.0,1341.39,1256.0,1258.68,2018-01-13T11:58:31.0000000Z,2018-01-13T00:00:02.0000000Z,2018-01-13T12:00:00.0000000Z,2018-01-13T00:00:00.0000000Z,5477,12472.630338504
292,1384.78,1420.0,1322.94,1335.9,2018-01-13T23:59:53.0000000Z,2018-01-13T12:00:00.0000000Z,2018-01-14T00:00:00.0000000Z,2018-01-13T12:00:00.0000000Z,10041,22926.639528441
293,1327.72,1389.0,1313.55,1381.52,2018-01-14T11:58:12.0000000Z,2018-01-14T00:00:21.0000000Z,2018-01-14T12:00:00.0000000Z,2018-01-14T00:00:00.0000000Z,5491,10874.444146046
294,1359.59,1366.9,1265.0,1329.4,2018-01-14T23:59:55.0000000Z,2018-01-14T12:01:58.0000000Z,2018-01-15T00:00:00.0000000Z,2018-01-14T12:00:00.0000000Z,10362,20669.190781556
295,1299.9,1379.0,1289.59,1359.59,2018-01-15T11:59:52.0000000Z,2018-01-15T00:00:00.0000000Z,2018-01-15T12:00:00.0000000Z,2018-01-15T00:00:00.0000000Z,7855,14527.956096825
296,1276.71,1331.97,1269.0,1299.0,2018-01-15T23:59:59.0000000Z,2018-01-15T12:00:02.0000000Z,2018-01-16T00:00:00.0000000Z,2018-01-15T12:00:00.0000000Z,8063,19277.169084881
297,1173.46,1281.16,1000.0,1272.66,2018-01-16T11:59:55.0000000Z,2018-01-16T00:00:02.0000000Z,2018-01-16T12:00:00.0000000Z,2018-01-16T00:00:00.0000000Z,27747,48883.106167195
298,1057.88,1190.0,862.11,1173.41,2018-01-16T23:59:59.0000000Z,2018-01-16T12:00:04.0000000Z,2018-01-17T00:00:00.0000000Z,2018-01-16T12:00:00.0000000Z,38173,76773.697355629
299,890.0,1109.58,874.0,1057.88,2018-01-17T11:59:59.0000000Z,2018-01-17T00:00:00.0000000Z,2018-01-17T12:00:00.0000000Z,2018-01-17T00:00:00.0000000Z,27151,50762.309395133
300,1027.53,1070.77,761.61,887.56,2018-01-17T23:59:59.0000000Z,2018-01-17T12:00:01.0000000Z,2018-01-18T00:00:00.0000000Z,2018-01-17T12:00:00.0000000Z,46760,124578.308175315
301,1034.0,1073.32,951.12,1029.22,2018-01-18T11:59:59.0000000Z,2018-01-18T00:00:00.0000000Z,2018-01-18T12:00:00.0000000Z,2018-01-18T00:00:00.0000000Z,22721,52009.215394945
302,1024.69,1105.0,990.0,1032.83,2018-01-18T23:59:59.0000000Z,2018-01-18T12:00:00.0000000Z,2018-01-19T00:00:00.0000000Z,2018-01-18T12:00:00.0000000Z,21582,43150.326321713
303,1073.99,1080.0,995.01,1024.66,2018-01-19T11:59:57.0000000Z,2018-01-19T00:00:02.0000000Z,2018-01-19T12:00:00.0000000Z,2018-01-19T00:00:00.0000000Z,13843,24594.512566134
304,1036.03,1095.0,999.1,1073.99,2018-01-19T23:59:43.0000000Z,2018-01-19T12:00:00.0000000Z,2018-01-20T00:00:00.0000000Z,2018-01-19T12:00:00.0000000Z,10510,24639.551007507
305,1105.86,1133.2,1036.03,1039.83,2018-01-20T11:59:49.0000000Z,2018-01-20T00:00:03.0000000Z,2018-01-20T12:00:00.0000000Z,2018-01-20T00:00:00.0000000Z,8151,16676.035503182
306,1150.0,1171.0,1100.0,1104.27,2018-01-20T23:59:08.0000000Z,2018-01-20T12:00:06.0000000Z,2018-01-21T00:00:00.0000000Z,2018-01-20T12:00:00.0000000Z,6754,15016.215767877
307,1110.0,1151.0,1010.18,1149.99,2018-01-21T11:59:53.0000000Z,2018-01-21T00:00:03.0000000Z,2018-01-21T12:00:00.0000000Z,2018-01-21T00:00:00.0000000Z,8420,19616.964304142
308,1049.09,1123.43,1008.0,1107.34,2018-01-21T23:59:17.0000000Z,2018-01-21T12:00:03.0000000Z,2018-01-22T00:00:00.0000000Z,2018-01-21T12:00:00.0000000Z,8386,17180.064733416
309,1043.63,1092.0,1025.51,1052.35,2018-01-22T11:59:57.0000000Z,2018-01-22T00:00:03.0000000Z,2018-01-22T12:00:00.0000000Z,2018-01-22T00:00:00.0000000Z,4950,9187.478720216
310,997.21,1047.82,917.0,1042.0,2018-01-22T23:59:22.0000000Z,2018-01-22T12:00:23.0000000Z,2018-01-23T00:00:00.0000000Z,2018-01-22T12:00:00.0000000Z,17906,38500.875205799
311,931.7,1013.26,905.0,999.29,2018-01-23T11:59:57.0000000Z,2018-01-23T00:00:03.0000000Z,2018-01-23T12:00:00.0000000Z,2018-01-23T00:00:00.0000000Z,12231,28522.472327829
312,983.7,1024.98,920.0,931.7,2018-01-23T23:59:36.0000000Z,2018-01-23T12:00:00.0000000Z,2018-01-24T00:00:00.0000000Z,2018-01-23T12:00:00.0000000Z,10506,32416.31788206
313,1009.34,1015.0,957.69,987.56,2018-01-24T11:59:49.0000000Z,2018-01-24T00:00:08.0000000Z,2018-01-24T12:00:00.0000000Z,2018-01-24T00:00:00.0000000Z,5661,18549.057706648
314,1065.0,1069.65,1003.11,1009.54,2018-01-24T23:59:51.0000000Z,2018-01-24T12:00:02.0000000Z,2018-01-25T00:00:00.0000000Z,2018-01-24T12:00:00.0000000Z,8660,25364.627364524
315,1048.0,1105.0,1041.56,1063.0,2018-01-25T11:59:59.0000000Z,2018-01-25T00:00:03.0000000Z,2018-01-25T12:00:00.0000000Z,2018-01-25T00:00:00.0000000Z,9773,23154.009523926
316,1050.0,1079.13,1014.48,1046.53,2018-01-25T23:59:52.0000000Z,2018-01-25T12:00:00.0000000Z,2018-01-26T00:00:00.0000000Z,2018-01-25T12:00:00.0000000Z,10787,38854.327113643
317,1007.0,1075.9,984.0,1049.92,2018-01-26T11:59:38.0000000Z,2018-01-26T00:00:07.0000000Z,2018-01-26T12:00:00.0000000Z,2018-01-26T00:00:00.0000000Z,7923,22260.782521606
318,1051.81,1063.15,1003.3,1007.24,2018-01-26T23:58:28.0000000Z,2018-01-26T12:00:10.0000000Z,2018-01-27T00:00:00.0000000Z,2018-01-26T12:00:00.0000000Z,6046,16393.873244516
319,1058.92,1077.0,1034.45,1051.92,2018-01-27T11:59:51.0000000Z,2018-01-27T00:00:03.0000000Z,2018-01-27T12:00:00.0000000Z,2018-01-27T00:00:00.0000000Z,5759,15925.032753405
320,1115.51,1126.01,1052.93,1058.78,2018-01-27T23:59:38.0000000Z,2018-01-27T12:00:02.0000000Z,2018-01-28T00:00:00.0000000Z,2018-01-27T12:00:00.0000000Z,5966,13154.365881008
321,1236.16,1237.0,1099.76,1115.15,2018-01-28T11:59:58.0000000Z,2018-01-28T00:00:03.0000000Z,2018-01-28T12:00:00.0000000Z,2018-01-28T00:00:00.0000000Z,8671,14764.046517243
322,1229.41,1240.0,1185.0,1236.94,2018-01-28T23:58:44.0000000Z,2018-01-28T12:00:06.0000000Z,2018-01-29T00:00:00.0000000Z,2018-01-28T12:00:00.0000000Z,7129,14233.107490601
323,1167.0,1239.0,1141.0,1229.97,2018-01-29T11:59:59.0000000Z,2018-01-29T00:00:03.0000000Z,2018-01-29T12:00:00.0000000Z,2018-01-29T00:00:00.0000000Z,10742,24810.833105262
324,1168.0,1192.7,1143.32,1166.99,2018-01-29T23:59:57.0000000Z,2018-01-29T12:00:11.0000000Z,2018-01-30T00:00:00.0000000Z,2018-01-29T12:00:00.0000000Z,6347,15381.195341205
325,1157.63,1172.0,1105.08,1168.0,2018-01-30T11:59:40.0000000Z,2018-01-30T00:00:03.0000000Z,2018-01-30T12:00:00.0000000Z,2018-01-30T00:00:00.0000000Z,9071,21743.64598278
326,1051.54,1159.94,1025.77,1157.65,2018-01-30T23:59:13.0000000Z,2018-01-30T12:00:07.0000000Z,2018-01-31T00:00:00.0000000Z,2018-01-30T12:00:00.0000000Z,16231,39175.402785292
327,1102.99,1108.65,1010.77,1054.55,2018-01-31T11:59:17.0000000Z,2018-01-31T00:00:03.0000000Z,2018-01-31T12:00:00.0000000Z,2018-01-31T00:00:00.0000000Z,9433,21122.976228512
328,1110.14,1118.88,1070.0,1102.99,2018-01-31T23:59:36.0000000Z,2018-01-31T12:00:08.0000000Z,2018-02-01T00:00:00.0000000Z,2018-01-31T12:00:00.0000000Z,6238,12668.990606729
329,1100.0,1152.05,1072.8,1110.14,2018-02-01T11:59:56.0000000Z,2018-02-01T00:00:08.0000000Z,2018-02-01T12:00:00.0000000Z,2018-02-01T00:00:00.0000000Z,9166,22167.124749493
330,1022.08,1136.89,936.0,1100.0,2018-02-01T23:59:07.0000000Z,2018-02-01T12:00:04.0000000Z,2018-02-02T00:00:00.0000000Z,2018-02-01T12:00:00.0000000Z,30049,68171.962409438
331,819.31,1020.16,807.42,1020.16,2018-02-02T11:56:00.0000000Z,2018-02-02T00:00:03.0000000Z,2018-02-02T12:00:00.0000000Z,2018-02-02T00:00:00.0000000Z,8238,20141.621663835
332,918.39,969.09,736.03,810.83,2018-02-02T23:59:57.0000000Z,2018-02-02T12:01:00.0000000Z,2018-02-03T00:00:00.0000000Z,2018-02-02T12:00:00.0000000Z,5722,16629.128261531
333,961.0,961.57,838.67,918.38,2018-02-03T11:59:58.0000000Z,2018-02-03T00:00:10.0000000Z,2018-02-03T12:00:00.0000000Z,2018-02-03T00:00:00.0000000Z,7361,14686.906333448
334,969.93,995.0,940.25,961.0,2018-02-03T23:58:46.0000000Z,2018-02-03T12:00:01.0000000Z,2018-02-04T00:00:00.0000000Z,2018-02-03T12:00:00.0000000Z,7328,12879.788185895
335,889.25,969.96,882.2,969.96,2018-02-04T11:59:47.0000000Z,2018-02-04T00:00:03.0000000Z,2018-02-04T12:00:00.0000000Z,2018-02-04T00:00:00.0000000Z,5983,10755.561177517
336,826.51,899.0,782.0,885.38,2018-02-04T23:59:57.0000000Z,2018-02-04T12:00:02.0000000Z,2018-02-05T00:00:00.0000000Z,2018-02-04T12:00:00.0000000Z,12790,26368.616549854
337,759.84,855.0,756.88,825.13,2018-02-05T11:59:59.0000000Z,2018-02-05T00:00:01.0000000Z,2018-02-05T12:00:00.0000000Z,2018-02-05T00:00:00.0000000Z,10796,28784.52692964
338,692.36,789.88,632.0,760.03,2018-02-05T23:59:56.0000000Z,2018-02-05T12:00:00.0000000Z,2018-02-06T00:00:00.0000000Z,2018-02-05T12:00:00.0000000Z,35905,99763.81282469
339,619.48,719.0,565.0,692.38,2018-02-06T11:59:49.0000000Z,2018-02-06T00:00:04.0000000Z,2018-02-06T12:00:00.0000000Z,2018-02-06T00:00:00.0000000Z,30075,82221.471626321
340,784.01,808.0,614.52,622.05,2018-02-06T23:59:58.0000000Z,2018-02-06T12:00:06.0000000Z,2018-02-07T00:00:00.0000000Z,2018-02-06T12:00:00.0000000Z,31594,75575.317411663
341,832.23,850.03,720.01,788.13,2018-02-07T11:59:59.0000000Z,2018-02-07T00:00:04.0000000Z,2018-02-07T12:00:00.0000000Z,2018-02-07T00:00:00.0000000Z,13374,37138.202522943
342,752.89,866.05,745.0,832.22,2018-02-07T23:59:59.0000000Z,2018-02-07T12:00:05.0000000Z,2018-02-08T00:00:00.0000000Z,2018-02-07T12:00:00.0000000Z,14707,37793.86532362
343,835.96,846.28,748.42,753.95,2018-02-08T11:59:03.0000000Z,2018-02-08T00:00:03.0000000Z,2018-02-08T12:00:00.0000000Z,2018-02-08T00:00:00.0000000Z,6350,19277.380623517
344,812.01,839.0,781.94,832.84,2018-02-08T23:57:53.0000000Z,2018-02-08T12:01:38.0000000Z,2018-02-09T00:00:00.0000000Z,2018-02-08T12:00:00.0000000Z,7394,21160.332317422
345,830.61,837.86,780.88,814.32,2018-02-09T11:59:57.0000000Z,2018-02-09T00:00:04.0000000Z,2018-02-09T12:00:00.0000000Z,2018-02-09T00:00:00.0000000Z,5656,20633.248207986
346,875.1,883.07,821.08,830.61,2018-02-09T23:59:34.0000000Z,2018-02-09T12:00:00.0000000Z,2018-02-10T00:00:00.0000000Z,2018-02-09T12:00:00.0000000Z,7108,19804.207220019
347,870.0,913.3,860.11,879.86,2018-02-10T11:59:39.0000000Z,2018-02-10T00:00:03.0000000Z,2018-02-10T12:00:00.0000000Z,2018-02-10T00:00:00.0000000Z,7765,20372.865321147
348,851.83,888.0,815.0,869.51,2018-02-10T23:59:52.0000000Z,2018-02-10T12:00:09.0000000Z,2018-02-11T00:00:00.0000000Z,2018-02-10T12:00:00.0000000Z,6154,11946.379425824
349,822.98,851.84,775.99,851.84,2018-02-11T11:59:46.0000000Z,2018-02-11T00:00:03.0000000Z,2018-02-11T12:00:00.0000000Z,2018-02-11T00:00:00.0000000Z,5805,19218.482594819
350,809.69,855.19,806.46,821.2,2018-02-11T23:58:29.0000000Z,2018-02-11T12:00:11.0000000Z,2018-02-12T00:00:00.0000000Z,2018-02-11T12:00:00.0000000Z,3675,6363.019797949
351,856.5,873.01,808.52,811.0,2018-02-12T11:58:49.0000000Z,2018-02-12T00:00:03.0000000Z,2018-02-12T12:00:00.0000000Z,2018-02-12T00:00:00.0000000Z,4411,13269.561564848
352,865.57,877.95,839.0,854.2,2018-02-12T23:55:53.0000000Z,2018-02-12T12:00:12.0000000Z,2018-02-13T00:00:00.0000000Z,2018-02-12T12:00:00.0000000Z,3758,10417.406403669
353,834.21,869.14,819.31,866.86,2018-02-13T11:59:00.0000000Z,2018-02-13T00:00:05.0000000Z,2018-02-13T12:00:00.0000000Z,2018-02-13T00:00:00.0000000Z,4510,15920.756973506
354,841.82,850.0,829.31,833.97,2018-02-13T23:59:46.0000000Z,2018-02-13T12:00:41.0000000Z,2018-02-14T00:00:00.0000000Z,2018-02-13T12:00:00.0000000Z,2835,8919.525061259
355,875.0,876.0,839.75,841.82,2018-02-14T11:59:52.0000000Z,2018-02-14T00:00:05.0000000Z,2018-02-14T12:00:00.0000000Z,2018-02-14T00:00:00.0000000Z,3604,12368.226645964
356,922.98,924.52,872.73,875.0,2018-02-14T23:59:42.0000000Z,2018-02-14T12:00:03.0000000Z,2018-02-15T00:00:00.0000000Z,2018-02-14T12:00:00.0000000Z,9996,31263.124313096
357,913.8,951.25,905.0,922.98,2018-02-15T11:58:39.0000000Z,2018-02-15T00:00:05.0000000Z,2018-02-15T12:00:00.0000000Z,2018-02-15T00:00:00.0000000Z,7138,21590.426277427
358,927.91,946.09,909.0,914.21,2018-02-15T23:59:59.0000000Z,2018-02-15T12:00:15.0000000Z,2018-02-16T00:00:00.0000000Z,2018-02-15T12:00:00.0000000Z,5813,19767.979501318
359,924.29,947.87,908.0,927.5,2018-02-16T11:59:51.0000000Z,2018-02-16T00:00:05.0000000Z,2018-02-16T12:00:00.0000000Z,2018-02-16T00:00:00.0000000Z,3971,11194.670517256
360,939.99,945.73,918.61,923.56,2018-02-16T23:59:27.0000000Z,2018-02-16T12:00:06.0000000Z,2018-02-17T00:00:00.0000000Z,2018-02-16T12:00:00.0000000Z,4226,12522.665632298
361,958.37,969.5,935.25,940.87,2018-02-17T11:59:31.0000000Z,2018-02-17T00:00:12.0000000Z,2018-02-17T12:00:00.0000000Z,2018-02-17T00:00:00.0000000Z,4270,11497.459882945
362,977.74,980.0,952.68,957.59,2018-02-17T23:59:51.0000000Z,2018-02-17T12:00:12.0000000Z,2018-02-18T00:00:00.0000000Z,2018-02-17T12:00:00.0000000Z,4424,9054.196312577
363,935.0,983.31,905.52,977.55,2018-02-18T11:59:48.0000000Z,2018-02-18T00:00:46.0000000Z,2018-02-18T12:00:00.0000000Z,2018-02-18T00:00:00.0000000Z,7260,17987.141778966
364,912.85,952.3,910.01,932.77,2018-02-18T23:59:00.0000000Z,2018-02-18T12:00:03.0000000Z,2018-02-19T00:00:00.0000000Z,2018-02-18T12:00:00.0000000Z,4996,10504.907008949
365,945.97,950.0,906.0,913.42,2018-02-19T11:58:17.0000000Z,2018-02-19T00:01:08.0000000Z,2018-02-19T12:00:00.0000000Z,2018-02-19T00:00:00.0000000Z,3314,8174.237466486
366,938.05,955.58,931.3,945.81,2018-02-19T23:59:52.0000000Z,2018-02-19T12:00:07.0000000Z,2018-02-20T00:00:00.0000000Z,2018-02-19T12:00:00.0000000Z,3258,6654.845270589
367,939.07,958.74,927.42,939.28,2018-02-20T11:59:53.0000000Z,2018-02-20T00:00:13.0000000Z,2018-02-20T12:00:00.0000000Z,2018-02-20T00:00:00.0000000Z,4080,9702.419876149
368,884.24,947.83,874.0,939.07,2018-02-20T23:59:51.0000000Z,2018-02-20T12:00:06.0000000Z,2018-02-21T00:00:00.0000000Z,2018-02-20T12:00:00.0000000Z,5869,15733.345291043
369,883.63,906.09,858.55,884.25,2018-02-21T11:59:58.0000000Z,2018-02-21T00:00:06.0000000Z,2018-02-21T12:00:00.0000000Z,2018-02-21T00:00:00.0000000Z,6373,18665.775589336
370,837.98,894.18,816.0,884.16,2018-02-21T23:59:43.0000000Z,2018-02-21T12:00:10.0000000Z,2018-02-22T00:00:00.0000000Z,2018-02-21T12:00:00.0000000Z,6097,15832.934421556
371,829.58,871.81,815.0,840.07,2018-02-22T11:59:19.0000000Z,2018-02-22T00:00:07.0000000Z,2018-02-22T12:00:00.0000000Z,2018-02-22T00:00:00.0000000Z,4544,11902.078669906
372,803.57,835.0,789.99,829.81,2018-02-22T23:59:45.0000000Z,2018-02-22T12:00:00.0000000Z,2018-02-23T00:00:00.0000000Z,2018-02-22T12:00:00.0000000Z,5740,15002.96908265
373,874.29,874.6,787.0,805.08,2018-02-23T11:59:29.0000000Z,2018-02-23T00:00:06.0000000Z,2018-02-23T12:00:00.0000000Z,2018-02-23T00:00:00.0000000Z,4909,12915.194040829
374,851.98,883.44,825.76,874.8,2018-02-23T23:59:50.0000000Z,2018-02-23T12:02:02.0000000Z,2018-02-24T00:00:00.0000000Z,2018-02-23T12:00:00.0000000Z,3799,7754.006573708
375,828.5,878.0,819.21,852.5,2018-02-24T11:59:52.0000000Z,2018-02-24T00:00:12.0000000Z,2018-02-24T12:00:00.0000000Z,2018-02-24T00:00:00.0000000Z,2291,5378.874926269
376,835.74,844.63,809.01,828.98,2018-02-24T23:59:26.0000000Z,2018-02-24T12:00:27.0000000Z,2018-02-25T00:00:00.0000000Z,2018-02-24T12:00:00.0000000Z,2344,5649.411233435
377,839.9,851.38,824.43,835.74,2018-02-25T11:59:43.0000000Z,2018-02-25T00:00:16.0000000Z,2018-02-25T12:00:00.0000000Z,2018-02-25T00:00:00.0000000Z,1997,4581.985909248
378,842.65,848.9,818.38,839.79,2018-02-25T23:59:57.0000000Z,2018-02-25T12:01:05.0000000Z,2018-02-26T00:00:00.0000000Z,2018-02-25T12:00:00.0000000Z,2174,4393.798260148
379,857.58,863.97,834.77,842.82,2018-02-26T11:59:49.0000000Z,2018-02-26T00:00:06.0000000Z,2018-02-26T12:00:00.0000000Z,2018-02-26T00:00:00.0000000Z,2726,6605.035603059
380,868.4,880.0,855.72,860.27,2018-02-26T23:59:27.0000000Z,2018-02-26T12:00:05.0000000Z,2018-02-27T00:00:00.0000000Z,2018-02-26T12:00:00.0000000Z,5043,8997.979111898
381,885.17,896.0,861.0,868.46,2018-02-27T11:59:31.0000000Z,2018-02-27T00:00:06.0000000Z,2018-02-27T12:00:00.0000000Z,2018-02-27T00:00:00.0000000Z,2847,6931.118186709
382,870.32,889.41,866.0,884.21,2018-02-27T23:59:56.0000000Z,2018-02-27T12:00:09.0000000Z,2018-02-28T00:00:00.0000000Z,2018-02-27T12:00:00.0000000Z,2395,7130.892255369
383,863.89,889.85,859.64,870.32,2018-02-28T11:58:19.0000000Z,2018-02-28T00:00:06.0000000Z,2018-02-28T12:00:00.0000000Z,2018-02-28T00:00:00.0000000Z,2449,8471.732665378
384,850.16,873.42,848.46,864.0,2018-02-28T23:59:26.0000000Z,2018-02-28T12:00:26.0000000Z,2018-03-01T00:00:00.0000000Z,2018-02-28T12:00:00.0000000Z,2119,7229.33851971
385,867.8,872.77,845.81,851.92,2018-03-01T11:59:19.0000000Z,2018-03-01T00:00:06.0000000Z,2018-03-01T12:00:00.0000000Z,2018-03-01T00:00:00.0000000Z,1784,5162.02338887
386,869.01,881.47,860.0,867.8,2018-03-01T23:58:58.0000000Z,2018-03-01T12:00:09.0000000Z,2018-03-02T00:00:00.0000000Z,2018-03-01T12:00:00.0000000Z,2660,10901.57807352
387,860.5,875.17,858.0,869.02,2018-03-02T11:58:35.0000000Z,2018-03-02T00:02:02.0000000Z,2018-03-02T12:00:00.0000000Z,2018-03-02T00:00:00.0000000Z,1830,3604.36334012
388,856.08,866.36,847.93,858.63,2018-03-02T23:58:43.0000000Z,2018-03-02T12:00:07.0000000Z,2018-03-03T00:00:00.0000000Z,2018-03-02T12:00:00.0000000Z,1702,3980.159337438
389,862.18,868.7,855.22,856.33,2018-03-03T11:56:41.0000000Z,2018-03-03T00:00:43.0000000Z,2018-03-03T12:00:00.0000000Z,2018-03-03T00:00:00.0000000Z,1386,2275.486367488
390,853.76,868.0,849.0,862.14,2018-03-03T23:58:24.0000000Z,2018-03-03T12:00:07.0000000Z,2018-03-04T00:00:00.0000000Z,2018-03-03T12:00:00.0000000Z,2383,3325.248014887
391,847.98,854.82,837.17,853.74,2018-03-04T11:57:48.0000000Z,2018-03-04T00:03:00.0000000Z,2018-03-04T12:00:00.0000000Z,2018-03-04T00:00:00.0000000Z,1850,3002.777409829
392,862.28,866.43,847.55,848.0,2018-03-04T23:59:55.0000000Z,2018-03-04T12:03:02.0000000Z,2018-03-05T00:00:00.0000000Z,2018-03-04T12:00:00.0000000Z,1719,2385.155846829
393,863.12,868.59,857.87,864.06,2018-03-05T11:55:40.0000000Z,2018-03-05T00:00:06.0000000Z,2018-03-05T12:00:00.0000000Z,2018-03-05T00:00:00.0000000Z,1762,3491.742353098
394,848.0,869.21,848.0,864.95,2018-03-05T23:59:56.0000000Z,2018-03-05T12:00:08.0000000Z,2018-03-06T00:00:00.0000000Z,2018-03-05T12:00:00.0000000Z,2256,5170.3327196
395,833.41,850.99,828.08,848.0,2018-03-06T11:59:33.0000000Z,2018-03-06T00:00:02.0000000Z,2018-03-06T12:00:00.0000000Z,2018-03-06T00:00:00.0000000Z,2511,7698.89333564
396,813.09,834.92,802.55,832.88,2018-03-06T23:59:39.0000000Z,2018-03-06T12:00:05.0000000Z,2018-03-07T00:00:00.0000000Z,2018-03-06T12:00:00.0000000Z,3554,10534.813546349
397,788.99,825.61,775.04,813.08,2018-03-07T11:59:28.0000000Z,2018-03-07T00:00:02.0000000Z,2018-03-07T12:00:00.0000000Z,2018-03-07T00:00:00.0000000Z,4644,12576.475889276
398,750.42,794.84,723.13,789.31,2018-03-07T23:59:58.0000000Z,2018-03-07T12:00:13.0000000Z,2018-03-08T00:00:00.0000000Z,2018-03-07T12:00:00.0000000Z,11317,28438.189561035
399,764.43,773.12,734.01,750.11,2018-03-08T11:59:47.0000000Z,2018-03-08T00:01:16.0000000Z,2018-03-08T12:00:00.0000000Z,2018-03-08T00:00:00.0000000Z,6240,13316.675695197
400,698.06,765.58,686.5,764.0,2018-03-08T23:59:53.0000000Z,2018-03-08T12:00:07.0000000Z,2018-03-09T00:00:00.0000000Z,2018-03-08T12:00:00.0000000Z,7900,18859.229532466
401,685.79,706.62,640.55,698.06,2018-03-09T11:59:57.0000000Z,2018-03-09T00:00:03.0000000Z,2018-03-09T12:00:00.0000000Z,2018-03-09T00:00:00.0000000Z,11858,34554.358473845
402,726.13,732.31,679.11,685.76,2018-03-09T23:59:53.0000000Z,2018-03-09T12:00:05.0000000Z,2018-03-10T00:00:00.0000000Z,2018-03-09T12:00:00.0000000Z,8756,18545.619484893
403,733.15,750.0,717.09,726.22,2018-03-10T11:59:53.0000000Z,2018-03-10T00:00:00.0000000Z,2018-03-10T12:00:00.0000000Z,2018-03-10T00:00:00.0000000Z,4984,7001.34068458
404,682.87,742.03,676.21,732.63,2018-03-10T23:59:12.0000000Z,2018-03-10T12:00:57.0000000Z,2018-03-11T00:00:00.0000000Z,2018-03-10T12:00:00.0000000Z,3684,7400.763353157
405,706.57,708.8,662.48,681.07,2018-03-11T11:59:58.0000000Z,2018-03-11T00:03:10.0000000Z,2018-03-11T12:00:00.0000000Z,2018-03-11T00:00:00.0000000Z,4334,9197.439588839
406,720.38,737.14,701.11,706.39,2018-03-11T23:59:26.0000000Z,2018-03-11T12:00:00.0000000Z,2018-03-12T00:00:00.0000000Z,2018-03-11T12:00:00.0000000Z,4968,7991.272257504
407,735.2,740.7,712.2,720.45,2018-03-12T11:59:46.0000000Z,2018-03-12T00:00:53.0000000Z,2018-03-12T12:00:00.0000000Z,2018-03-12T00:00:00.0000000Z,3874,9830.333439128
408,695.5,736.22,676.0,734.99,2018-03-12T23:59:27.0000000Z,2018-03-12T12:01:01.0000000Z,2018-03-13T00:00:00.0000000Z,2018-03-12T12:00:00.0000000Z,5198,15136.618899119
409,694.98,715.0,685.11,696.16,2018-03-13T11:59:04.0000000Z,2018-03-13T00:00:02.0000000Z,2018-03-13T12:00:00.0000000Z,2018-03-13T00:00:00.0000000Z,5558,12211.280555888
410,690.01,699.1,680.0,694.51,2018-03-13T23:53:16.0000000Z,2018-03-13T12:00:08.0000000Z,2018-03-14T00:00:00.0000000Z,2018-03-13T12:00:00.0000000Z,5511,14948.743993457
411,656.85,703.51,652.13,690.99,2018-03-14T11:59:58.0000000Z,2018-03-14T00:00:21.0000000Z,2018-03-14T12:00:00.0000000Z,2018-03-14T00:00:00.0000000Z,3509,10703.85663792
412,613.07,664.71,584.0,654.91,2018-03-14T23:59:28.0000000Z,2018-03-14T12:00:07.0000000Z,2018-03-15T00:00:00.0000000Z,2018-03-14T12:00:00.0000000Z,7873,28086.77152799
413,618.84,620.0,571.56,612.0,2018-03-15T11:59:56.0000000Z,2018-03-15T00:00:16.0000000Z,2018-03-15T12:00:00.0000000Z,2018-03-15T00:00:00.0000000Z,9330,29105.123136202
414,611.02,620.0,590.0,617.93,2018-03-15T23:53:53.0000000Z,2018-03-15T12:00:12.0000000Z,2018-03-16T00:00:00.0000000Z,2018-03-15T12:00:00.0000000Z,5836,15442.906665294
415,603.37,614.99,583.4,611.97,2018-03-16T11:59:21.0000000Z,2018-03-16T00:01:07.0000000Z,2018-03-16T12:00:00.0000000Z,2018-03-16T00:00:00.0000000Z,6273,17441.222235015
416,599.87,625.51,597.86,603.21,2018-03-16T23:59:42.0000000Z,2018-03-16T12:00:08.0000000Z,2018-03-17T00:00:00.0000000Z,2018-03-16T12:00:00.0000000Z,3757,13239.830111059
417,600.0,610.0,591.78,598.56,2018-03-17T11:59:47.0000000Z,2018-03-17T00:00:03.0000000Z,2018-03-17T12:00:00.0000000Z,2018-03-17T00:00:00.0000000Z,1801,5301.05414985
418,550.1,600.98,542.75,600.0,2018-03-17T23:59:46.0000000Z,2018-03-17T12:00:36.0000000Z,2018-03-18T00:00:00.0000000Z,2018-03-17T12:00:00.0000000Z,5107,16531.534564926
419,519.2,550.72,496.38,550.1,2018-03-18T11:59:42.0000000Z,2018-03-18T00:00:12.0000000Z,2018-03-18T12:00:00.0000000Z,2018-03-18T00:00:00.0000000Z,7168,25828.680490864
420,538.0,561.52,453.01,518.64,2018-03-18T23:59:40.0000000Z,2018-03-18T12:00:03.0000000Z,2018-03-19T00:00:00.0000000Z,2018-03-18T12:00:00.0000000Z,15885,53398.401496828
421,537.79,559.0,515.47,538.0,2018-03-19T11:59:21.0000000Z,2018-03-19T00:00:01.0000000Z,2018-03-19T12:00:00.0000000Z,2018-03-19T00:00:00.0000000Z,7530,26664.346899227
422,555.68,558.74,523.74,537.79,2018-03-19T23:59:49.0000000Z,2018-03-19T12:00:04.0000000Z,2018-03-20T00:00:00.0000000Z,2018-03-19T12:00:00.0000000Z,7198,23747.837521516
423,532.7,555.88,515.38,555.52,2018-03-20T11:59:15.0000000Z,2018-03-20T00:00:07.0000000Z,2018-03-20T12:00:00.0000000Z,2018-03-20T00:00:00.0000000Z,5564,19946.430568856
424,557.41,567.49,529.6,532.82,2018-03-20T23:58:33.0000000Z,2018-03-20T12:00:09.0000000Z,2018-03-21T00:00:00.0000000Z,2018-03-20T12:00:00.0000000Z,7480,21281.099128159
425,578.0,590.69,553.19,557.49,2018-03-21T11:24:01.0000000Z,2018-03-21T00:00:03.0000000Z,2018-03-21T12:00:00.0000000Z,2018-03-21T00:00:00.0000000Z,6461,17116.192887764
426,560.52,585.81,545.0,577.99,2018-03-21T23:58:58.0000000Z,2018-03-21T12:24:09.0000000Z,2018-03-22T00:00:00.0000000Z,2018-03-21T12:00:00.0000000Z,7759,22819.236505087
427,536.7,578.58,535.0,559.8,2018-03-22T11:59:34.0000000Z,2018-03-22T00:00:24.0000000Z,2018-03-22T12:00:00.0000000Z,2018-03-22T00:00:00.0000000Z,4859,13073.194388614
428,539.76,545.23,517.45,536.55,2018-03-22T23:59:09.0000000Z,2018-03-22T12:00:00.0000000Z,2018-03-23T00:00:00.0000000Z,2018-03-22T12:00:00.0000000Z,5723,16283.265225183
429,525.0,540.5,509.35,538.56,2018-03-23T11:59:56.0000000Z,2018-03-23T00:00:53.0000000Z,2018-03-23T12:00:00.0000000Z,2018-03-23T00:00:00.0000000Z,7193,14931.984127519
430,543.03,543.2,506.0,524.62,2018-03-23T23:59:55.0000000Z,2018-03-23T12:00:29.0000000Z,2018-03-24T00:00:00.0000000Z,2018-03-23T12:00:00.0000000Z,5554,12114.978066123
431,528.28,545.55,526.4,543.2,2018-03-24T11:59:28.0000000Z,2018-03-24T00:00:03.0000000Z,2018-03-24T12:00:00.0000000Z,2018-03-24T00:00:00.0000000Z,4611,8037.588015279
432,519.99,543.81,518.66,526.77,2018-03-24T23:59:59.0000000Z,2018-03-24T12:01:38.0000000Z,2018-03-25T00:00:00.0000000Z,2018-03-24T12:00:00.0000000Z,3318,8184.495584599
433,515.99,523.68,512.59,519.99,2018-03-25T11:58:28.0000000Z,2018-03-25T00:00:00.0000000Z,2018-03-25T12:00:00.0000000Z,2018-03-25T00:00:00.0000000Z,3749,5926.342517965
434,521.99,535.68,514.27,515.99,2018-03-25T23:58:57.0000000Z,2018-03-25T12:00:04.0000000Z,2018-03-26T00:00:00.0000000Z,2018-03-25T12:00:00.0000000Z,4292,8051.088118107
435,485.75,525.55,480.07,522.98,2018-03-26T11:59:39.0000000Z,2018-03-26T00:00:04.0000000Z,2018-03-26T12:00:00.0000000Z,2018-03-26T00:00:00.0000000Z,7108,18379.411584177
436,485.79,496.98,466.72,486.24,2018-03-26T23:59:56.0000000Z,2018-03-26T12:00:04.0000000Z,2018-03-27T00:00:00.0000000Z,2018-03-26T12:00:00.0000000Z,12042,27926.939402427
437,458.18,492.09,449.57,485.4,2018-03-27T11:59:13.0000000Z,2018-03-27T00:00:11.0000000Z,2018-03-27T12:00:00.0000000Z,2018-03-27T00:00:00.0000000Z,11631,30691.340773307
438,449.41,472.22,445.08,458.21,2018-03-27T23:59:56.0000000Z,2018-03-27T12:00:15.0000000Z,2018-03-28T00:00:00.0000000Z,2018-03-27T12:00:00.0000000Z,8344,20683.933736948
439,460.14,465.85,440.0,449.89,2018-03-28T11:59:30.0000000Z,2018-03-28T00:00:09.0000000Z,2018-03-28T12:00:00.0000000Z,2018-03-28T00:00:00.0000000Z,8195,13922.727602837
440,446.49,463.19,441.89,460.22,2018-03-28T23:59:32.0000000Z,2018-03-28T12:00:12.0000000Z,2018-03-29T00:00:00.0000000Z,2018-03-28T12:00:00.0000000Z,4315,8799.675072038
441,409.62,448.5,406.0,446.6,2018-03-29T11:59:42.0000000Z,2018-03-29T00:05:21.0000000Z,2018-03-29T12:00:00.0000000Z,2018-03-29T00:00:00.0000000Z,10607,24492.586576187
442,383.07,418.85,378.86,408.51,2018-03-29T23:59:33.0000000Z,2018-03-29T12:00:07.0000000Z,2018-03-30T00:00:00.0000000Z,2018-03-29T12:00:00.0000000Z,19466,53649.202833996
443,392.0,411.41,362.0,383.14,2018-03-30T11:59:57.0000000Z,2018-03-30T00:01:49.0000000Z,2018-03-30T12:00:00.0000000Z,2018-03-30T00:00:00.0000000Z,23388,65669.671251095
444,393.46,397.15,368.74,392.0,2018-03-30T23:59:41.0000000Z,2018-03-30T12:00:01.0000000Z,2018-03-31T00:00:00.0000000Z,2018-03-30T12:00:00.0000000Z,10895,26973.699860576
445,402.27,419.7,387.85,393.85,2018-03-31T11:59:25.0000000Z,2018-03-31T00:00:01.0000000Z,2018-03-31T12:00:00.0000000Z,2018-03-31T00:00:00.0000000Z,10947,25966.23088851
446,393.79,410.72,390.02,401.86,2018-03-31T23:59:58.0000000Z,2018-03-31T12:00:04.0000000Z,2018-04-01T00:00:00.0000000Z,2018-03-31T12:00:00.0000000Z,6441,11180.621448695
447,375.7,399.78,371.6,393.58,2018-04-01T11:57:46.0000000Z,2018-04-01T00:00:23.0000000Z,2018-04-01T12:00:00.0000000Z,2018-04-01T00:00:00.0000000Z,7768,13153.260204949
448,378.0,387.36,358.4,374.98,2018-04-01T23:57:49.0000000Z,2018-04-01T12:00:33.0000000Z,2018-04-02T00:00:00.0000000Z,2018-04-01T12:00:00.0000000Z,9963,27193.796906645
449,390.49,395.0,375.02,378.06,2018-04-02T11:59:33.0000000Z,2018-04-02T00:01:00.0000000Z,2018-04-02T12:00:00.0000000Z,2018-04-02T00:00:00.0000000Z,5424,9962.609781688
450,384.47,392.21,376.0,391.3,2018-04-02T23:59:06.0000000Z,2018-04-02T12:00:07.0000000Z,2018-04-03T00:00:00.0000000Z,2018-04-02T12:00:00.0000000Z,6751,10522.544529089
451,398.59,405.0,380.0,384.86,2018-04-03T11:59:47.0000000Z,2018-04-03T00:00:38.0000000Z,2018-04-03T12:00:00.0000000Z,2018-04-03T00:00:00.0000000Z,8032,12259.356535717
452,415.32,419.08,398.0,398.37,2018-04-03T23:58:46.0000000Z,2018-04-03T12:00:21.0000000Z,2018-04-04T00:00:00.0000000Z,2018-04-03T12:00:00.0000000Z,8533,19111.836382757
453,385.44,417.5,380.41,415.34,2018-04-04T11:59:42.0000000Z,2018-04-04T00:00:03.0000000Z,2018-04-04T12:00:00.0000000Z,2018-04-04T00:00:00.0000000Z,5407,15967.459848498
454,378.99,388.73,370.49,384.42,2018-04-04T23:56:44.0000000Z,2018-04-04T12:00:02.0000000Z,2018-04-05T00:00:00.0000000Z,2018-04-04T12:00:00.0000000Z,5575,15364.884539456
455,379.88,384.87,366.95,377.26,2018-04-05T11:59:05.0000000Z,2018-04-05T00:01:53.0000000Z,2018-04-05T12:00:00.0000000Z,2018-04-05T00:00:00.0000000Z,4204,8387.337567438
456,381.05,387.49,372.5,379.85,2018-04-05T23:59:07.0000000Z,2018-04-05T12:00:08.0000000Z,2018-04-06T00:00:00.0000000Z,2018-04-05T12:00:00.0000000Z,3468,12341.709894039
457,369.01,385.62,360.0,381.04,2018-04-06T11:59:54.0000000Z,2018-04-06T00:00:07.0000000Z,2018-04-06T12:00:00.0000000Z,2018-04-06T00:00:00.0000000Z,5154,13908.868930279
458,370.08,372.31,365.13,369.01,2018-04-06T23:58:10.0000000Z,2018-04-06T12:00:07.0000000Z,2018-04-07T00:00:00.0000000Z,2018-04-06T12:00:00.0000000Z,1930,4584.24259388
459,381.77,385.0,368.99,369.44,2018-04-07T11:59:34.0000000Z,2018-04-07T00:01:26.0000000Z,2018-04-07T12:00:00.0000000Z,2018-04-07T00:00:00.0000000Z,3025,8771.486080449
460,384.66,397.4,376.74,381.78,2018-04-07T23:58:27.0000000Z,2018-04-07T12:00:13.0000000Z,2018-04-08T00:00:00.0000000Z,2018-04-07T12:00:00.0000000Z,3600,7640.49427815
461,401.32,401.32,384.14,384.94,2018-04-08T11:59:56.0000000Z,2018-04-08T00:00:01.0000000Z,2018-04-08T12:00:00.0000000Z,2018-04-08T00:00:00.0000000Z,2953,4297.47832592
462,399.81,410.0,394.56,401.32,2018-04-08T23:59:19.0000000Z,2018-04-08T12:00:15.0000000Z,2018-04-09T00:00:00.0000000Z,2018-04-08T12:00:00.0000000Z,3516,7020.179954999
463,395.83,431.36,395.0,400.07,2018-04-09T11:58:51.0000000Z,2018-04-09T00:00:15.0000000Z,2018-04-09T12:00:00.0000000Z,2018-04-09T00:00:00.0000000Z,8082,17822.785224649
464,399.0,401.99,386.19,395.62,2018-04-09T23:59:14.0000000Z,2018-04-09T12:00:09.0000000Z,2018-04-10T00:00:00.0000000Z,2018-04-09T12:00:00.0000000Z,6318,8695.568849137
465,395.5,403.0,391.28,399.36,2018-04-10T11:59:33.0000000Z,2018-04-10T00:03:31.0000000Z,2018-04-10T12:00:00.0000000Z,2018-04-10T00:00:00.0000000Z,5251,10872.125241748
466,415.65,418.3,394.88,395.44,2018-04-10T23:59:52.0000000Z,2018-04-10T12:00:07.0000000Z,2018-04-11T00:00:00.0000000Z,2018-04-10T12:00:00.0000000Z,7220,14266.860319124
467,415.05,420.1,411.0,415.34,2018-04-11T11:58:58.0000000Z,2018-04-11T00:00:02.0000000Z,2018-04-11T12:00:00.0000000Z,2018-04-11T00:00:00.0000000Z,4130,7404.898607708
468,430.0,433.46,413.45,414.86,2018-04-11T23:59:49.0000000Z,2018-04-11T12:00:02.0000000Z,2018-04-12T00:00:00.0000000Z,2018-04-11T12:00:00.0000000Z,4878,14358.348982366
469,462.43,477.0,413.8,430.0,2018-04-12T11:59:47.0000000Z,2018-04-12T00:00:16.0000000Z,2018-04-12T12:00:00.0000000Z,2018-04-12T00:00:00.0000000Z,13176,26430.467013806
470,494.31,498.0,452.47,461.49,2018-04-12T23:59:17.0000000Z,2018-04-12T12:00:00.0000000Z,2018-04-13T00:00:00.0000000Z,2018-04-12T12:00:00.0000000Z,12371,22052.462581516
471,517.7,524.34,481.67,494.0,2018-04-13T11:58:40.0000000Z,2018-04-13T00:00:20.0000000Z,2018-04-13T12:00:00.0000000Z,2018-04-13T00:00:00.0000000Z,11719,33584.809932371
472,495.95,529.36,483.73,517.84,2018-04-13T23:59:59.0000000Z,2018-04-13T12:00:41.0000000Z,2018-04-14T00:00:00.0000000Z,2018-04-13T12:00:00.0000000Z,11236,24223.919884354
473,497.03,515.91,488.41,496.07,2018-04-14T11:59:46.0000000Z,2018-04-14T00:00:00.0000000Z,2018-04-14T12:00:00.0000000Z,2018-04-14T00:00:00.0000000Z,6810,12340.262133345
474,503.41,508.97,486.0,497.03,2018-04-14T23:58:34.0000000Z,2018-04-14T12:00:04.0000000Z,2018-04-15T00:00:00.0000000Z,2018-04-14T12:00:00.0000000Z,3923,5859.67077568
475,522.95,527.5,503.14,503.14,2018-04-15T11:58:07.0000000Z,2018-04-15T00:00:28.0000000Z,2018-04-15T12:00:00.0000000Z,2018-04-15T00:00:00.0000000Z,6215,12249.148692404
476,533.83,535.0,519.0,521.24,2018-04-15T23:59:53.0000000Z,2018-04-15T12:00:07.0000000Z,2018-04-16T00:00:00.0000000Z,2018-04-15T12:00:00.0000000Z,5566,17401.498234734
477,512.17,537.43,504.16,533.86,2018-04-16T11:58:55.0000000Z,2018-04-16T00:00:01.0000000Z,2018-04-16T12:00:00.0000000Z,2018-04-16T00:00:00.0000000Z,6391,18726.344373465
478,510.57,513.52,498.34,512.17,2018-04-16T23:59:59.0000000Z,2018-04-16T12:00:17.0000000Z,2018-04-17T00:00:00.0000000Z,2018-04-16T12:00:00.0000000Z,4689,10262.46548478
479,516.81,520.3,503.78,511.26,2018-04-17T11:58:18.0000000Z,2018-04-17T00:00:10.0000000Z,2018-04-17T12:00:00.0000000Z,2018-04-17T00:00:00.0000000Z,3948,7987.98597057
480,502.8,521.36,500.54,517.2,2018-04-17T23:56:41.0000000Z,2018-04-17T12:01:12.0000000Z,2018-04-18T00:00:00.0000000Z,2018-04-17T12:00:00.0000000Z,4524,14097.402438457
481,516.08,516.99,501.28,502.51,2018-04-18T11:59:57.0000000Z,2018-04-18T00:00:30.0000000Z,2018-04-18T12:00:00.0000000Z,2018-04-18T00:00:00.0000000Z,3774,10391.129527297
482,525.2,526.66,507.5,516.06,2018-04-18T23:58:30.0000000Z,2018-04-18T12:00:07.0000000Z,2018-04-19T00:00:00.0000000Z,2018-04-18T12:00:00.0000000Z,4194,12682.799260817
483,536.28,538.72,520.2,524.32,2018-04-19T11:59:29.0000000Z,2018-04-19T00:01:51.0000000Z,2018-04-19T12:00:00.0000000Z,2018-04-19T00:00:00.0000000Z,4350,13862.163502317
484,566.46,569.0,534.28,536.85,2018-04-19T23:59:20.0000000Z,2018-04-19T12:00:49.0000000Z,2018-04-20T00:00:00.0000000Z,2018-04-19T12:00:00.0000000Z,6318,17869.927852169
485,590.0,590.0,556.37,566.66,2018-04-20T11:59:39.0000000Z,2018-04-20T00:00:03.0000000Z,2018-04-20T12:00:00.0000000Z,2018-04-20T00:00:00.0000000Z,9297,25727.700219357
486,617.7,622.26,580.0,589.99,2018-04-20T23:58:13.0000000Z,2018-04-20T12:00:04.0000000Z,2018-04-21T00:00:00.0000000Z,2018-04-20T12:00:00.0000000Z,9288,26459.393453754
487,587.16,624.75,573.58,616.41,2018-04-21T11:59:38.0000000Z,2018-04-21T00:00:06.0000000Z,2018-04-21T12:00:00.0000000Z,2018-04-21T00:00:00.0000000Z,9577,26408.190356407
488,604.85,613.71,585.83,587.14,2018-04-21T23:59:56.0000000Z,2018-04-21T12:00:03.0000000Z,2018-04-22T00:00:00.0000000Z,2018-04-21T12:00:00.0000000Z,4707,9990.538992709
489,625.13,634.83,591.31,604.85,2018-04-22T11:59:47.0000000Z,2018-04-22T00:00:02.0000000Z,2018-04-22T12:00:00.0000000Z,2018-04-22T00:00:00.0000000Z,5110,15776.182390358
490,621.5,643.46,613.99,626.0,2018-04-22T23:59:39.0000000Z,2018-04-22T12:00:13.0000000Z,2018-04-23T00:00:00.0000000Z,2018-04-22T12:00:00.0000000Z,5290,14761.621918859
491,637.59,641.22,618.56,620.45,2018-04-23T11:59:22.0000000Z,2018-04-23T00:00:00.0000000Z,2018-04-23T12:00:00.0000000Z,2018-04-23T00:00:00.0000000Z,5000,11789.359210935
492,643.77,648.24,634.69,636.42,2018-04-23T23:59:15.0000000Z,2018-04-23T12:00:09.0000000Z,2018-04-24T00:00:00.0000000Z,2018-04-23T12:00:00.0000000Z,5541,12437.355027266
493,688.03,692.0,643.68,643.68,2018-04-24T11:59:13.0000000Z,2018-04-24T00:00:04.0000000Z,2018-04-24T12:00:00.0000000Z,2018-04-24T00:00:00.0000000Z,9902,23227.123116078
494,703.71,711.7,687.14,688.53,2018-04-24T23:59:40.0000000Z,2018-04-24T12:00:31.0000000Z,2018-04-25T00:00:00.0000000Z,2018-04-24T12:00:00.0000000Z,11964,31438.538761754
495,628.28,704.01,605.0,703.32,2018-04-25T11:59:55.0000000Z,2018-04-25T00:00:07.0000000Z,2018-04-25T12:00:00.0000000Z,2018-04-25T00:00:00.0000000Z,20107,67910.105544559
496,617.02,648.82,595.0,628.09,2018-04-25T23:59:51.0000000Z,2018-04-25T12:00:01.0000000Z,2018-04-26T00:00:00.0000000Z,2018-04-25T12:00:00.0000000Z,16647,44592.354873851
497,632.35,636.39,598.15,617.61,2018-04-26T11:59:48.0000000Z,2018-04-26T00:00:02.0000000Z,2018-04-26T12:00:00.0000000Z,2018-04-26T00:00:00.0000000Z,11808,32030.133274565
498,660.95,666.0,624.75,631.58,2018-04-26T23:59:55.0000000Z,2018-04-26T12:00:10.0000000Z,2018-04-27T00:00:00.0000000Z,2018-04-26T12:00:00.0000000Z,7311,17619.349870789
499,679.99,685.0,647.0,661.04,2018-04-27T11:59:54.0000000Z,2018-04-27T00:00:00.0000000Z,2018-04-27T12:00:00.0000000Z,2018-04-27T00:00:00.0000000Z,5615,15249.501217766
500,642.54,684.87,636.15,679.53,2018-04-27T23:59:08.0000000Z,2018-04-27T12:00:02.0000000Z,2018-04-28T00:00:00.0000000Z,2018-04-27T12:00:00.0000000Z,5882,14321.53722948
501,676.84,685.0,639.05,642.57,2018-04-28T11:59:14.0000000Z,2018-04-28T00:00:06.0000000Z,2018-04-28T12:00:00.0000000Z,2018-04-28T00:00:00.0000000Z,6722,11352.906955876
502,683.38,697.08,675.0,676.55,2018-04-28T23:57:12.0000000Z,2018-04-28T12:01:13.0000000Z,2018-04-29T00:00:00.0000000Z,2018-04-28T12:00:00.0000000Z,6478,13200.258716038
503,674.36,699.97,666.0,683.69,2018-04-29T11:59:44.0000000Z,2018-04-29T00:01:37.0000000Z,2018-04-29T12:00:00.0000000Z,2018-04-29T00:00:00.0000000Z,8302,15861.748339556
504,689.23,691.0,668.52,674.36,2018-04-29T23:58:43.0000000Z,2018-04-29T12:00:08.0000000Z,2018-04-30T00:00:00.0000000Z,2018-04-29T12:00:00.0000000Z,5037,6354.199389033
505,684.98,694.14,672.18,689.38,2018-04-30T11:59:28.0000000Z,2018-04-30T00:00:13.0000000Z,2018-04-30T12:00:00.0000000Z,2018-04-30T00:00:00.0000000Z,8770,13270.492014496
506,669.98,691.44,663.0,684.99,2018-04-30T23:59:49.0000000Z,2018-04-30T12:00:02.0000000Z,2018-05-01T00:00:00.0000000Z,2018-04-30T12:00:00.0000000Z,6488,10539.563384965
507,656.45,670.95,627.22,670.1,2018-05-01T06:53:03.0000000Z,2018-05-01T00:00:04.0000000Z,2018-05-01T12:00:00.0000000Z,2018-05-01T00:00:00.0000000Z,8643,15840.053820306
