date,begin,high,low,end,volume
2018/2/16 14:00,"10,130","10,170","10,090","10,120",29
2018/2/16 13:00,"10,060","10,140","9,980","10,110",106
2018/2/16 12:00,"10,180","10,190","10,050","10,060",56
2018/2/16 11:00,"10,240","10,260","10,170","10,200",48
2018/2/16 10:00,"10,240","10,320","10,200","10,230",102
2018/2/16 9:00,"10,130","10,290","10,120","10,220",178
2018/2/16 8:00,"10,140","10,200","10,030","10,140",83
2018/2/16 7:00,"9,970","10,190","9,970","10,100",121
2018/2/16 6:00,"10,060","10,070","9,880","9,990",90
2018/2/16 5:00,"10,070","10,140","10,000","10,120",145
2018/2/16 4:00,"10,150","10,200","10,040","10,080",424
2018/2/16 3:00,"10,170","10,200","9,970","10,140",652
2018/2/16 2:00,"10,090","10,220","9,980","10,160",716
2018/2/16 1:00,"9,880","10,090","9,850","10,080",285
2018/2/16 0:00,"9,870","9,920","9,800","9,890",272
2018/2/15 23:00,"9,810","9,910","9,790","9,870",494
2018/2/15 22:00,"9,720","9,820","9,640","9,800",343
2018/2/15 21:00,"9,700","9,790","9,680","9,700",227
2018/2/15 20:00,"9,600","9,720","9,560","9,690",154
2018/2/15 19:00,"9,600","9,780","9,580","9,590",191
2018/2/15 18:00,"9,920","9,940","9,480","9,580",605
2018/2/15 17:00,"9,840","9,950","9,830","9,930",151
2018/2/15 16:00,"9,720","9,880","9,720","9,850",145
2018/2/15 15:00,"9,750","9,750","9,700","9,730",44
2018/2/15 14:00,"9,690","9,790","9,690","9,730",60
2018/2/15 13:00,"9,670","9,760","9,660","9,690",126
2018/2/15 12:00,"9,650","9,730","9,630","9,660",80
2018/2/15 11:00,"9,490","9,750","9,480","9,640",268
2018/2/15 10:00,"9,470","9,520","9,410","9,510",68
2018/2/15 9:00,"9,510","9,520","9,360","9,450",72
2018/2/15 8:00,"9,470","9,530","9,440","9,500",116
2018/2/15 7:00,"9,390","9,460","9,390","9,450",77
2018/2/15 6:00,"9,350","9,384","9,310","9,384",31
2018/2/15 5:00,"9,342","9,370","9,260","9,300",101
2018/2/15 4:00,"9,280","9,350","9,250","9,350",93
2018/2/15 3:00,"9,340","9,400","9,210","9,280",201
2018/2/15 2:00,"9,310","9,440","9,270","9,390",452
2018/2/15 1:00,"9,360","9,360","9,280","9,300",239
2018/2/15 0:00,"9,300","9,389","9,240","9,340",241
2018/2/14 23:00,"9,230","9,320","9,200","9,290",345
2018/2/14 22:00,"9,270","9,320","9,200","9,220",153
2018/2/14 21:00,"9,230","9,350","9,160","9,310",169
2018/2/14 20:00,"8,830","9,310","8,830","9,250",158
2018/2/14 19:00,"8,850","8,860","8,790","8,830",24
2018/2/14 18:00,"8,870","8,890","8,840","8,890",55
2018/2/14 17:00,"8,930","8,940","8,840","8,880",69
2018/2/14 16:00,"8,890","8,950","8,880","8,880",26
2018/2/14 15:00,"8,880","8,890","8,800","8,890",31
2018/2/14 14:00,"8,790","8,900","8,790","8,870",82
2018/2/14 13:00,"8,870","8,880","8,770","8,790",119
2018/2/14 12:00,"8,710","8,870","8,690","8,870",92
2018/2/14 11:00,"8,700","8,750","8,680","8,700",57
2018/2/14 10:00,"8,640","8,740","8,640","8,690",67
2018/2/14 9:00,"8,570","8,680","8,570","8,630",92
2018/2/14 8:00,"8,510","8,590","8,510","8,560",39
2018/2/14 7:00,"8,610","8,620","8,490","8,490",18
2018/2/14 6:00,"8,630","8,630","8,550","8,550",6
2018/2/14 5:00,"8,740","8,759","8,690","8,710",17
2018/2/14 4:00,"8,610","8,760","8,610","8,740",70
2018/2/14 3:00,"8,680","8,680","8,580","8,620",41
2018/2/14 2:00,"8,630","8,690","8,590","8,670",46
2018/2/14 1:00,"8,580","8,660","8,530","8,610",97
2018/2/14 0:00,"8,550","8,580","8,490","8,570",89
2018/2/13 23:00,"8,680","8,700","8,540","8,550",62
2018/2/13 22:00,"8,560","8,690","8,550","8,630",48
2018/2/13 21:00,"8,590","8,640","8,550","8,590",39
2018/2/13 20:00,"8,470","8,580","8,470","8,580",20
2018/2/13 19:00,"8,480","8,560","8,440","8,470",56
2018/2/13 18:00,"8,440","8,470","8,390","8,430",64
2018/2/13 17:00,"8,480","8,540","8,400","8,410",41
2018/2/13 16:00,"8,710","8,730","8,460","8,490",107
2018/2/13 15:00,"8,610","8,760","8,610","8,760",23
2018/2/13 14:00,"8,600","8,650","8,590","8,640",17
2018/2/13 13:00,"8,640","8,650","8,580","8,620",69
2018/2/13 12:00,"8,710","8,780","8,640","8,640",25
2018/2/13 11:00,"8,730","8,770","8,670","8,730",57
2018/2/13 10:00,"8,850","8,860","8,710","8,740",41
2018/2/13 9:00,"8,910","8,970","8,830","8,830",20
2018/2/13 8:00,"9,030","9,050","8,910","8,950",25
2018/2/13 7:00,"8,870","9,020","8,870","9,010",11
2018/2/13 6:00,"8,800","8,800","8,790","8,790",2
2018/2/13 5:00,"8,890","8,970","8,870","8,870",18
2018/2/13 4:00,"8,800","8,930","8,753","8,930",86
2018/2/13 3:00,"8,690","8,767","8,690","8,767",63
2018/2/13 2:00,"8,740","8,800","8,690","8,690",52
2018/2/13 1:00,"8,730","8,770","8,660","8,740",53
2018/2/13 0:00,"8,660","8,750","8,630","8,750",57
2018/2/12 23:00,"8,660","8,671","8,590","8,671",74
2018/2/12 22:00,"8,810","8,830","8,650","8,650",104
2018/2/12 21:00,"8,790","8,850","8,790","8,825",58
2018/2/12 20:00,"8,790","8,820","8,740","8,750",19
2018/2/12 19:00,"8,860","8,950","8,800","8,800",35
2018/2/12 18:00,"8,850","8,880","8,830","8,830",10
2018/2/12 17:00,"8,780","8,920","8,780","8,840",40
2018/2/12 16:00,"8,580","8,840","8,580","8,830",23
2018/2/12 15:00,"8,500","8,610","8,450","8,600",11
2018/2/12 14:00,"8,470","8,470","8,410","8,410",4
2018/2/12 13:00,"8,530","8,530","8,520","8,520",4
,,,,,
2018/2/12 11:00,"8,480","8,580","8,480","8,550",17
2018/2/12 10:00,"8,490","8,490","8,380","8,470",16
2018/2/12 9:00,"8,210","8,300","8,200","8,300",12
2018/2/12 8:00,"8,150","8,260","8,070","8,250",21
2018/2/12 7:00,"8,360","8,380","8,140","8,170",45
,,,,,
,,,,,
,,,,,
,,,,,
,,,,,
2018/2/10 5:00,"8,630","8,710","8,610","8,660",27
2018/2/10 4:00,"8,760","8,760","8,660","8,680",23
2018/2/10 3:00,"8,700","8,740","8,610","8,740",44
2018/2/10 2:00,"8,550","8,800","8,550","8,650",130
2018/2/10 1:00,"8,390","8,540","8,380","8,520",54
2018/2/10 0:00,"8,400","8,430","8,350","8,410",22
2018/2/9 23:00,"8,432","8,540","8,425","8,444",102
2018/2/9 22:00,"8,255","8,450","8,255","8,360",54
2018/2/9 21:00,"8,200","8,280","8,200","8,240",9
2018/2/9 20:00,"8,320","8,400","8,200","8,200",39
2018/2/9 19:00,"8,230","8,330","8,230","8,310",40
2018/2/9 18:00,"8,280","8,340","8,270","8,340",17
2018/2/9 17:00,"7,920","8,310","7,920","8,290",35
2018/2/9 16:00,"8,050","8,050","7,890","7,920",18
2018/2/9 15:00,"7,930","8,080","7,920","8,040",8
2018/2/9 14:00,"7,770","7,900","7,750","7,900",38
2018/2/9 13:00,"7,920","7,920","7,760","7,760",47
2018/2/9 12:00,"7,950","8,080","7,940","7,960",28
2018/2/9 11:00,"8,000","8,170","7,900","7,960",26
2018/2/9 10:00,"7,920","8,020","7,920","8,020",10
2018/2/9 9:00,"8,100","8,100","7,820","7,880",16
2018/2/9 8:00,"8,240","8,240","8,160","8,160",11
2018/2/9 7:00,"8,290","8,330","8,220","8,330",22
2018/2/9 6:00,"8,180","8,290","8,180","8,200",48
2018/2/9 5:00,"8,430","8,430","8,290","8,290",26
2018/2/9 4:00,"8,310","8,550","8,310","8,430",108
2018/2/9 3:00,"8,130","8,350","8,130","8,350",51
2018/2/9 2:00,"8,180","8,310","8,070","8,140",42
2018/2/9 1:00,"8,270","8,330","8,160","8,160",50
2018/2/9 0:00,"8,420","8,420","8,180","8,190",132
2018/2/8 23:00,"8,420","8,540","8,390","8,420",16
2018/2/8 22:00,"8,560","8,560","8,430","8,490",54
2018/2/8 21:00,"8,550","8,690","8,540","8,600",52
2018/2/8 20:00,"8,540","8,540","8,410","8,450",20
2018/2/8 19:00,"8,540","8,650","8,530","8,570",12
2018/2/8 18:00,"8,240","8,620","8,240","8,540",24
2018/2/8 17:00,"8,240","8,310","8,200","8,200",39
2018/2/8 16:00,"8,250","8,400","8,250","8,400",39
2018/2/8 15:00,"8,050","8,190","8,050","8,130",30
2018/2/8 14:00,"8,120","8,120","8,120","8,120",2
2018/2/8 13:00,"8,310","8,310","8,100","8,100",18
2018/2/8 12:00,"8,060","8,280","8,060","8,270",6
2018/2/8 11:00,"8,140","8,170","7,950","7,950",8
2018/2/8 10:00,"7,950","8,150","7,910","8,090",28
2018/2/8 9:00,"7,830","7,830","7,710","7,820",18
2018/2/8 8:00,"7,750","7,750","7,600","7,620",9
2018/2/8 7:00,"7,910","7,940","7,720","7,740",51
2018/2/8 6:00,"8,180","8,280","7,820","7,880",91
2018/2/8 5:00,"8,000","8,300","8,000","8,280",27
2018/2/8 4:00,"8,230","8,230","8,100","8,150",12
2018/2/8 3:00,"8,310","8,400","8,240","8,260",11
2018/2/8 2:00,"8,350","8,510","8,341","8,390",36
2018/2/8 1:00,"8,070","8,310","8,000","8,310",52
2018/2/8 0:00,"8,220","8,290","8,140","8,160",18
2018/2/7 23:00,"8,170","8,370","8,170","8,270",34
2018/2/7 22:00,"8,400","8,480","8,230","8,260",20
2018/2/7 21:00,"8,260","8,580","8,220","8,580",32
2018/2/7 20:00,"8,080","8,270","8,080","8,150",73
2018/2/7 19:00,"8,170","8,340","8,090","8,090",8
2018/2/7 18:00,"7,990","8,260","7,990","8,200",32
2018/2/7 17:00,"7,800","7,950","7,710","7,950",11
2018/2/7 16:00,"7,530","7,800","7,530","7,800",66
2018/2/7 15:00,"7,450","7,470","7,450","7,470",2
2018/2/7 14:00,"7,340","7,340","7,340","7,340",1
2018/2/7 13:00,"7,520","7,590","7,520","7,590",2
2018/2/7 12:00,"7,360","7,360","7,230","7,250",26
2018/2/7 11:00,"7,480","7,530","7,300","7,340",77
2018/2/7 10:00,"7,690","7,690","7,630","7,630",4
2018/2/7 9:00,"7,630","7,710","7,450","7,700",16
2018/2/7 8:00,"7,670","7,830","7,610","7,680",49
2018/2/7 7:00,"7,650","7,700","7,650","7,700",6
2018/2/7 6:00,"7,800","7,950","7,600","7,740",56
2018/2/7 5:00,"7,740","7,780","7,500","7,600",33
2018/2/7 4:00,"7,410","7,670","7,410","7,620",34
2018/2/7 3:00,"7,060","7,330","7,060","7,300",17
2018/2/7 2:00,"7,040","7,190","6,810","7,140",108
2018/2/7 1:00,"7,100","7,150","6,940","6,970",24
2018/2/7 0:00,"7,440","7,460","7,110","7,160",53
2018/2/6 23:00,"6,950","7,470","6,930","7,460",68
2018/2/6 22:00,"6,880","7,300","6,880","7,060",53
2018/2/6 21:00,"6,480","7,000","6,480","6,850",38
2018/2/6 20:00,"6,380","6,610","6,300","6,480",39
2018/2/6 19:00,"6,540","6,540","6,250","6,250",34
2018/2/6 18:00,"6,510","7,000","6,510","6,690",225
2018/2/6 17:00,"6,150","6,550","6,150","6,510",61
2018/2/6 16:00,"6,080","6,270","5,940","6,120",97
2018/2/6 15:00,"6,150","6,270","6,130","6,190",27
2018/2/6 14:00,"6,150","6,590","6,150","6,180",129
2018/2/6 13:00,"6,160","6,410","6,040","6,200",46
2018/2/6 12:00,"6,250","6,291","6,130","6,168",218
2018/2/6 11:00,"6,540","6,560","6,230","6,230",23
2018/2/6 10:00,"6,670","6,670","6,380","6,380",82
2018/2/6 9:00,"6,960","6,960","6,670","6,720",12
2018/2/6 8:00,"6,890","7,050","6,850","7,050",25
2018/2/6 7:00,"7,300","7,300","6,760","6,960",26
2018/2/6 6:00,"7,170","7,360","7,130","7,240",60
2018/2/6 5:00,"7,140","7,370","7,050","7,050",57
2018/2/6 4:00,"6,810","7,150","6,600","7,110",109
2018/2/6 3:00,"7,100","7,250","6,800","6,850",49
2018/2/6 2:00,"7,300","7,300","6,910","6,910",127
2018/2/6 1:00,"7,420","7,420","7,250","7,250",43
2018/2/6 0:00,"7,260","7,510","7,260","7,400",70
2018/2/5 23:00,"7,480","7,480","7,200","7,310",61
2018/2/5 22:00,"7,760","7,780","7,320","7,440",71
2018/2/5 21:00,"7,620","7,760","7,620","7,680",31
2018/2/5 20:00,"7,710","7,720","7,580","7,620",30
2018/2/5 19:00,"7,800","7,800","7,650","7,710",23
2018/2/5 18:00,"7,900","7,950","7,830","7,950",58
2018/2/5 17:00,"8,020","8,070","7,740","8,070",51
2018/2/5 16:00,"7,990","8,050","7,740","7,880",81
2018/2/5 15:00,"8,080","8,080","7,970","7,980",40
2018/2/5 14:00,"8,240","8,290","8,240","8,290",4
2018/2/5 13:00,"8,140","8,320","8,140","8,300",31
2018/2/5 12:00,"8,020","8,180","7,990","8,110",62
2018/2/5 11:00,"7,890","8,270","7,860","8,270",12
2018/2/5 10:00,"7,990","8,000","7,900","8,000",8
2018/2/5 9:00,"8,310","8,310","7,890","7,890",26
2018/2/5 8:00,"8,350","8,350","8,200","8,200",27
2018/2/5 7:00,"8,500","8,500","8,220","8,220",19
,,,,,
,,,,,
,,,,,
,,,,,
,,,,,
2018/2/3 5:00,"8,690","8,690","8,480","8,480",39
2018/2/3 4:00,"8,670","8,780","8,630","8,780",8
2018/2/3 3:00,"8,790","8,790","8,510","8,520",21
2018/2/3 2:00,"8,710","8,850","8,650","8,650",16
2018/2/3 1:00,"8,970","9,090","8,730","8,730",21
2018/2/3 0:00,"8,840","9,080","8,770","8,880",52
2018/2/2 23:00,"8,640","8,780","8,520","8,680",45
2018/2/2 22:00,"8,570","8,900","8,500","8,600",46
2018/2/2 21:00,"7,870","8,600","7,700","8,540",89
2018/2/2 20:00,"8,100","8,120","7,900","7,900",53
2018/2/2 19:00,"8,170","8,270","8,110","8,160",20
2018/2/2 18:00,"8,380","8,380","8,170","8,170",20
2018/2/2 17:00,"8,380","8,410","8,170","8,320",17
2018/2/2 16:00,"8,620","8,630","8,420","8,450",12
2018/2/2 15:00,"8,500","8,690","8,400","8,690",33
2018/2/2 14:00,"8,540","8,670","8,500","8,530",46
2018/2/2 13:00,"8,680","8,720","8,590","8,720",12
2018/2/2 12:00,"8,800","8,800","8,600","8,610",8
2018/2/2 11:00,"8,700","8,940","8,700","8,920",31
2018/2/2 10:00,"8,600","8,830","8,580","8,830",9
2018/2/2 9:00,"8,800","8,810","8,640","8,760",46
2018/2/2 8:00,"9,090","9,090","8,800","8,800",40
2018/2/2 7:00,"8,910","9,070","8,860","9,070",30
2018/2/2 6:00,"9,150","9,260","9,150","9,260",2
2018/2/2 5:00,"8,960","9,180","8,820","9,110",99
2018/2/2 4:00,"8,810","8,940","8,500","8,920",63
2018/2/2 3:00,"8,950","9,000","8,720","8,800",57
2018/2/2 2:00,"9,000","9,050","8,970","8,980",19
2018/2/2 1:00,"9,010","9,080","8,850","8,970",99
2018/2/2 0:00,"9,300","9,320","9,010","9,010",26
2018/2/1 23:00,"9,310","9,400","9,240","9,290",35
2018/2/1 22:00,"9,300","9,330","9,120","9,310",38
2018/2/1 21:00,"9,270","9,390","9,240","9,240",15
2018/2/1 20:00,"9,580","9,580","9,260","9,270",21
2018/2/1 19:00,"9,470","9,470","9,450","9,470",3
2018/2/1 18:00,"9,620","9,630","9,350","9,470",23
2018/2/1 17:00,"9,850","9,870","9,720","9,870",10
2018/2/1 16:00,"10,030","10,030","9,880","9,900",16
2018/2/1 15:00,"10,050","10,080","10,050","10,080",2
2018/2/1 14:00,"10,160","10,160","10,090","10,090",13
,,,,,
2018/2/1 12:00,"10,000","10,000","9,920","9,980",9
2018/2/1 11:00,"10,170","10,170","10,170","10,170",4
2018/2/1 10:00,"10,190","10,190","10,170","10,170",9
2018/2/1 9:00,"10,180","10,180","10,180","10,180",1
2018/2/1 8:00,"10,200","10,200","10,180","10,180",10
2018/2/1 7:00,"10,120","10,120","10,060","10,060",11
2018/2/1 6:00,"10,060","10,080","10,060","10,080",3
2018/2/1 5:00,"10,040","10,040","10,010","10,010",24
2018/2/1 4:00,"9,940","10,050","9,920","10,050",13
2018/2/1 3:00,"9,920","9,920","9,900","9,920",3
2018/2/1 2:00,"10,000","10,050","9,930","9,980",6
2018/2/1 1:00,"9,950","9,960","9,950","9,960",3
2018/2/1 0:00,"9,990","9,990","9,750","9,810",11
2018/1/31 23:00,"9,980","10,000","9,760","9,930",43
2018/1/31 22:00,"10,080","10,090","10,000","10,000",30
2018/1/31 21:00,"10,270","10,270","10,200","10,200",4
2018/1/31 20:00,"10,210","10,270","10,170","10,200",10
2018/1/31 19:00,"10,160","10,160","10,010","10,110",21
2018/1/31 18:00,"10,010","10,140","10,010","10,070",11
2018/1/31 17:00,"10,120","10,120","9,970","10,030",3
2018/1/31 16:00,"10,070","10,230","10,070","10,230",10
2018/1/31 15:00,"10,060","10,100","9,990","10,100",25
2018/1/31 14:00,"9,890","9,950","9,890","9,930",8
2018/1/31 13:00,"9,750","9,890","9,690","9,690",61
2018/1/31 12:00,"9,860","9,860","9,740","9,800",111
2018/1/31 11:00,"9,770","9,910","9,770","9,910",5
2018/1/31 10:00,"9,660","9,790","9,660","9,750",4
2018/1/31 9:00,"9,960","9,960","9,550","9,700",55
2018/1/31 8:00,"9,990","9,990","9,990","9,990",1
2018/1/31 7:00,"9,990","9,990","9,990","9,990",1
,,,,,
2018/1/31 5:00,"10,050","10,080","10,000","10,040",6
2018/1/31 4:00,"10,250","10,250","9,990","10,120",83
2018/1/31 3:00,"9,960","10,060","9,710","10,000",49
2018/1/31 2:00,"10,380","10,380","9,740","9,930",92
2018/1/31 1:00,"10,410","10,450","10,360","10,420",12
2018/1/31 0:00,"10,370","10,420","10,200","10,420",32
2018/1/30 23:00,"10,500","10,530","10,280","10,350",38
2018/1/30 22:00,"10,650","10,650","10,370","10,550",74
2018/1/30 21:00,"10,810","10,810","10,740","10,740",11
,,,,,
2018/1/30 19:00,"10,860","10,860","10,820","10,820",3
2018/1/30 18:00,"10,810","10,890","10,810","10,870",13
2018/1/30 17:00,"11,040","11,040","10,900","10,920",19
2018/1/30 16:00,"10,960","11,080","10,920","11,030",30
2018/1/30 15:00,"10,900","10,920","10,880","10,910",16
,,,,,
,,,,,
2018/1/30 12:00,"10,920","10,920","10,920","10,920",1
2018/1/30 11:00,"10,970","10,970","10,900","10,900",3
2018/1/30 10:00,"11,020","11,030","10,900","10,990",12
2018/1/30 9:00,"11,210","11,220","11,180","11,180",3
2018/1/30 8:00,"11,200","11,230","11,170","11,220",4
2018/1/30 7:00,"11,100","11,100","11,030","11,030",4
2018/1/30 6:00,"11,170","11,170","11,110","11,120",7
2018/1/30 5:00,"11,220","11,220","11,220","11,220",1
2018/1/30 4:00,"11,200","11,200","11,160","11,200",5
2018/1/30 3:00,"11,280","11,280","11,270","11,270",3
2018/1/30 2:00,"11,240","11,240","11,200","11,200",5
2018/1/30 1:00,"11,270","11,270","11,230","11,230",2
2018/1/30 0:00,"11,160","11,270","11,140","11,270",11
2018/1/29 23:00,"11,280","11,280","11,180","11,200",21
2018/1/29 22:00,"11,180","11,250","11,180","11,250",9
2018/1/29 21:00,"11,120","11,120","11,120","11,120",1
2018/1/29 20:00,"11,100","11,120","11,000","11,120",5
2018/1/29 19:00,"11,160","11,160","11,160","11,160",1
2018/1/29 18:00,"11,260","11,300","11,260","11,300",4
2018/1/29 17:00,"11,270","11,340","11,270","11,340",2
2018/1/29 16:00,"11,210","11,230","11,130","11,220",18
2018/1/29 15:00,"11,370","11,370","11,370","11,370",2
2018/1/29 14:00,"11,420","11,420","11,420","11,420",5
2018/1/29 13:00,"11,520","11,520","11,520","11,520",1
2018/1/29 12:00,"11,420","11,490","11,420","11,480",11
2018/1/29 11:00,"11,430","11,440","11,430","11,440",2
2018/1/29 10:00,"11,440","11,460","11,300","11,400",28
2018/1/29 9:00,"11,750","11,750","11,420","11,420",4
2018/1/29 8:00,"11,660","11,750","11,630","11,750",44
2018/1/29 7:00,"11,600","11,700","11,480","11,660",17
,,,,,
,,,,,
,,,,,
,,,,,
,,,,,
2018/1/27 5:00,"11,030","11,030","10,970","10,990",14
2018/1/27 4:00,"11,030","11,030","10,950","11,030",17
2018/1/27 3:00,"11,040","11,090","11,010","11,060",10
2018/1/27 2:00,"11,160","11,180","11,030","11,030",17
2018/1/27 1:00,"11,070","11,110","10,990","10,990",10
2018/1/27 0:00,"10,970","11,260","10,840","11,080",30
2018/1/26 23:00,"10,780","10,930","10,720","10,920",11
2018/1/26 22:00,"10,606","10,700","10,550","10,700",21
2018/1/26 21:00,"10,480","10,710","10,480","10,610",9
2018/1/26 20:00,"10,400","10,400","10,400","10,400",1
2018/1/26 19:00,"10,580","10,620","10,440","10,443",10
2018/1/26 18:00,"10,490","10,490","10,320","10,320",7
2018/1/26 17:00,"10,530","10,600","10,460","10,570",13
2018/1/26 16:00,"11,180","11,180","10,600","10,600",29
2018/1/26 15:00,"11,330","11,330","11,220","11,220",6
,,,,,
,,,,,
2018/1/26 12:00,"11,540","11,550","11,540","11,550",2
2018/1/26 11:00,"11,520","11,620","11,500","11,620",5
2018/1/26 10:00,"11,490","11,620","11,490","11,620",8
,,,,,
2018/1/26 8:00,"11,110","11,170","11,110","11,140",6
2018/1/26 7:00,"11,210","11,210","11,130","11,130",3
2018/1/26 6:00,"11,140","11,140","11,140","11,140",1
2018/1/26 5:00,"11,280","11,390","11,250","11,310",30
2018/1/26 4:00,"11,220","11,280","11,150","11,230",44
2018/1/26 3:00,"11,180","11,250","11,180","11,180",20
2018/1/26 2:00,"10,960","11,210","10,950","11,160",26
2018/1/26 1:00,"11,100","11,120","10,910","10,960",22
2018/1/26 0:00,"11,100","11,100","10,940","11,050",22
2018/1/25 23:00,"11,290","11,310","11,120","11,150",25
2018/1/25 22:00,"11,153","11,310","11,153","11,260",10
2018/1/25 21:00,"11,070","11,160","11,070","11,160",3
2018/1/25 20:00,"11,180","11,220","11,160","11,220",20
2018/1/25 19:00,"11,290","11,290","11,290","11,290",4
2018/1/25 18:00,"11,280","11,280","11,270","11,270",4
2018/1/25 17:00,"11,200","11,250","11,200","11,250",2
2018/1/25 16:00,"11,360","11,380","11,360","11,380",2
2018/1/25 15:00,"11,580","11,580","11,460","11,460",14
2018/1/25 14:00,"11,560","11,590","11,560","11,590",2
2018/1/25 13:00,"11,560","11,560","11,490","11,490",4
2018/1/25 12:00,"11,710","11,710","11,580","11,580",2
2018/1/25 11:00,"11,439","11,700","11,430","11,490",38
2018/1/25 10:00,"11,500","11,550","11,400","11,440",7
2018/1/25 9:00,"11,290","11,470","11,290","11,440",6
2018/1/25 8:00,"11,210","11,430","11,200","11,430",10
2018/1/25 7:00,"11,120","11,160","11,120","11,160",2
2018/1/25 6:00,"11,260","11,260","11,160","11,210",5
2018/1/25 5:00,"11,180","11,210","11,170","11,210",29
2018/1/25 4:00,"11,160","11,230","11,160","11,230",6
2018/1/25 3:00,"11,170","11,170","11,050","11,050",2
2018/1/25 2:00,"11,040","11,150","11,040","11,130",13
2018/1/25 1:00,"11,080","11,120","10,910","10,910",8
2018/1/25 0:00,"11,250","11,270","10,980","11,040",43
2018/1/24 23:00,"11,470","11,470","11,200","11,280",30
2018/1/24 22:00,"11,280","11,500","11,280","11,500",7
2018/1/24 21:00,"11,280","11,500","11,280","11,310",17
2018/1/24 20:00,"11,150","11,330","11,130","11,330",4
2018/1/24 19:00,"11,040","11,040","11,040","11,040",5
2018/1/24 18:00,"10,930","11,170","10,860","11,070",46
2018/1/24 17:00,"10,880","10,900","10,800","10,800",7
2018/1/24 16:00,"11,020","11,030","10,970","11,030",15
2018/1/24 15:00,"10,930","11,180","10,930","11,007",35
,,,,,
2018/1/24 13:00,"10,650","10,720","10,650","10,720",2
2018/1/24 12:00,"10,950","10,950","10,530","10,530",20
2018/1/24 11:00,"10,740","10,740","10,740","10,740",3
2018/1/24 10:00,"10,650","10,650","10,650","10,650",1
2018/1/24 9:00,"10,910","10,910","10,650","10,650",7
2018/1/24 8:00,"10,880","10,970","10,880","10,970",5
2018/1/24 7:00,"11,130","11,130","10,920","10,920",16
2018/1/24 6:00,"11,010","11,200","11,010","11,200",13
2018/1/24 5:00,"11,150","11,200","11,030","11,030",19
2018/1/24 4:00,"11,090","11,130","10,960","11,086",29
2018/1/24 3:00,"11,240","11,300","11,180","11,240",53
2018/1/24 2:00,"11,200","11,380","11,200","11,240",80
2018/1/24 1:00,"11,350","11,410","11,170","11,240",35
2018/1/24 0:00,"10,620","11,430","10,593","11,262",46
2018/1/23 23:00,"10,250","10,720","10,250","10,650",36
2018/1/23 22:00,"10,360","10,440","10,340","10,340",4
2018/1/23 21:00,"10,370","10,370","10,240","10,340",7
2018/1/23 20:00,"10,100","10,460","9,960","10,450",31
2018/1/23 19:00,"10,330","10,430","10,320","10,430",5
,,,,,
2018/1/23 17:00,"10,650","10,770","10,650","10,770",6
2018/1/23 16:00,"10,490","10,490","10,490","10,490",5
2018/1/23 15:00,"10,450","10,450","10,290","10,290",16
2018/1/23 14:00,"10,390","10,550","10,350","10,550",13
2018/1/23 13:00,"10,800","10,800","10,330","10,410",25
2018/1/23 12:00,"10,920","10,920","10,920","10,920",1
2018/1/23 11:00,"10,800","10,840","10,800","10,840",6
2018/1/23 10:00,"10,800","10,830","10,800","10,830",2
2018/1/23 9:00,"10,810","11,000","10,764","11,000",9
2018/1/23 8:00,"10,740","10,820","10,740","10,820",3
2018/1/23 7:00,"10,380","10,730","10,380","10,690",18
2018/1/23 6:00,"10,090","10,502","10,050","10,490",11
2018/1/23 5:00,"10,490","10,490","10,160","10,270",18
2018/1/23 4:00,"10,440","10,640","10,270","10,310",27
2018/1/23 3:00,"10,510","10,570","10,390","10,530",27
2018/1/23 2:00,"10,730","10,730","10,520","10,680",9
2018/1/23 1:00,"10,600","10,690","10,600","10,600",24
2018/1/23 0:00,"10,620","10,620","10,330","10,500",10
2018/1/22 23:00,"10,860","10,860","10,510","10,640",17
2018/1/22 22:00,"10,690","10,780","10,420","10,700",42
2018/1/22 21:00,"11,050","11,050","10,640","10,640",24
2018/1/22 20:00,"11,600","11,600","11,320","11,320",23
,,,,,
2018/1/22 18:00,"11,860","11,860","11,720","11,720",3
2018/1/22 17:00,"11,760","11,760","11,760","11,760",1
,,,,,
2018/1/22 15:00,"11,650","11,660","11,650","11,660",2
2018/1/22 14:00,"11,500","11,640","11,480","11,640",10
,,,,,
2018/1/22 12:00,"11,560","11,730","11,560","11,730",2
2018/1/22 11:00,"11,550","11,550","11,530","11,530",2
,,,,,
2018/1/22 9:00,"11,760","11,770","11,730","11,730",7
2018/1/22 8:00,"11,560","11,560","11,560","11,560",1
2018/1/22 7:00,"11,480","11,480","11,300","11,450",8
,,,,,
,,,,,
,,,,,
,,,,,
,,,,,
2018/1/20 5:00,"11,350","11,550","11,350","11,370",15
2018/1/20 4:00,"11,250","11,360","11,250","11,360",6
2018/1/20 3:00,"11,190","11,340","11,180","11,340",7
2018/1/20 2:00,"11,500","11,500","11,300","11,300",7
2018/1/20 1:00,"11,740","11,810","11,550","11,550",8
2018/1/20 0:00,"11,670","11,770","11,590","11,770",4
2018/1/19 23:00,"11,750","11,750","11,540","11,720",9
2018/1/19 22:00,"11,750","11,870","11,750","11,760",12
2018/1/19 21:00,"12,000","12,000","11,900","11,900",7
2018/1/19 20:00,"11,830","11,900","11,830","11,900",3
2018/1/19 19:00,"11,987","11,987","11,930","11,950",5
2018/1/19 18:00,"11,720","11,940","11,720","11,940",3
2018/1/19 17:00,"11,880","11,910","11,800","11,800",8
2018/1/19 16:00,"11,420","11,770","11,250","11,770",20
,,,,,
,,,,,
2018/1/19 13:00,"11,100","11,580","11,100","11,580",20
2018/1/19 12:00,"11,270","11,270","11,060","11,060",6
2018/1/19 11:00,"11,280","11,280","11,130","11,230",3
2018/1/19 10:00,"11,420","11,420","11,420","11,420",1
2018/1/19 9:00,"11,380","11,550","11,380","11,550",3
2018/1/19 8:00,"11,180","11,450","11,160","11,450",15
2018/1/19 7:00,"11,420","11,420","11,420","11,420",2
2018/1/19 6:00,"11,470","11,470","11,240","11,240",6
2018/1/19 5:00,"11,990","12,080","11,860","11,880",10
2018/1/19 4:00,"11,830","11,960","11,820","11,960",26
2018/1/19 3:00,"11,730","11,880","11,730","11,880",8
2018/1/19 2:00,"11,770","11,770","11,520","11,650",18
2018/1/19 1:00,"11,780","11,860","11,720","11,860",14
2018/1/19 0:00,"12,001","12,054","11,770","11,770",29
2018/1/18 23:00,"11,870","12,200","11,850","11,920",101
2018/1/18 22:00,"11,720","11,900","11,700","11,700",17
2018/1/18 21:00,"12,000","12,000","11,590","11,690",34
2018/1/18 20:00,"11,590","11,870","11,590","11,830",8
2018/1/18 19:00,"11,540","11,600","11,540","11,600",4
2018/1/18 18:00,"11,250","11,320","11,170","11,320",16
,,,,,
2018/1/18 16:00,"10,950","10,950","10,830","10,900",7
2018/1/18 15:00,"11,000","11,000","10,900","10,930",10
,,,,,
2018/1/18 13:00,"11,250","11,250","11,170","11,170",5
2018/1/18 12:00,"11,570","11,570","11,480","11,520",11
2018/1/18 11:00,"11,690","11,790","11,670","11,780",14
2018/1/18 10:00,"11,660","11,750","11,400","11,750",19
2018/1/18 9:00,"11,200","11,660","11,200","11,660",9
2018/1/18 8:00,"11,170","11,330","10,980","10,980",5
2018/1/18 7:00,"11,320","11,330","10,930","11,050",32
2018/1/18 6:00,"11,300","11,500","11,250","11,300",12
2018/1/18 5:00,"10,750","11,120","10,720","10,820",35
2018/1/18 4:00,"10,200","10,910","10,200","10,882",27
2018/1/18 3:00,"10,060","10,330","9,956","10,200",32
2018/1/18 2:00,"10,200","10,240","9,960","10,021",18
2018/1/18 1:00,"10,040","10,460","9,970","10,230",26
2018/1/18 0:00,"9,380","10,150","9,310","10,150",56
2018/1/17 23:00,"9,810","9,840","9,390","9,420",235
2018/1/17 22:00,"10,520","10,520","9,800","9,850",76
2018/1/17 21:00,"10,710","10,720","10,495","10,600",23
2018/1/17 20:00,"10,450","10,640","10,030","10,640",9
2018/1/17 19:00,"10,210","10,610","10,150","10,530",15
2018/1/17 18:00,"10,940","10,950","10,200","10,220",38
2018/1/17 17:00,"11,100","11,100","10,800","10,940",14
2018/1/17 16:00,"11,300","11,301","10,910","11,020",94
2018/1/17 15:00,"11,580","11,600","11,300","11,300",23
2018/1/17 14:00,"11,170","11,500","11,054","11,470",17
2018/1/17 13:00,"11,260","11,400","11,000","11,030",15
2018/1/17 12:00,"10,900","10,960","10,820","10,880",8
2018/1/17 11:00,"11,060","11,130","11,000","11,130",8
,,,,,
2018/1/17 9:00,"11,420","11,420","11,180","11,350",10
2018/1/17 8:00,"11,350","11,750","11,350","11,500",18
2018/1/17 7:00,"10,400","11,520","10,250","11,520",52
2018/1/17 6:00,"11,000","11,164","10,300","10,300",94
2018/1/17 5:00,"11,500","11,580","11,030","11,340",17
2018/1/17 4:00,"11,800","11,870","11,500","11,630",42
2018/1/17 3:00,"11,440","11,830","11,399","11,735",57
2018/1/17 2:00,"11,540","11,650","11,180","11,530",64
2018/1/17 1:00,"12,000","12,050","11,443","11,610",73
2018/1/17 0:00,"12,070","12,300","12,070","12,250",10
2018/1/16 23:00,"12,100","12,170","11,920","12,000",22
2018/1/16 22:00,"11,950","12,040","11,520","12,040",30
2018/1/16 21:00,"12,000","12,160","11,900","12,160",17
2018/1/16 20:00,"11,990","12,260","11,990","12,100",19
2018/1/16 19:00,"11,850","12,060","11,750","12,060",34
2018/1/16 18:00,"12,000","12,000","11,120","11,860",82
2018/1/16 17:00,"11,770","12,220","11,650","12,080",71
2018/1/16 16:00,"13,053","13,053","11,790","11,823",103
2018/1/16 15:00,"13,073","13,100","13,073","13,100",8
2018/1/16 14:00,"13,000","13,100","12,998","13,100",26
2018/1/16 13:00,"13,006","13,030","12,920","12,970",16
2018/1/16 12:00,"13,030","13,030","12,780","12,786",30
2018/1/16 11:00,"12,990","13,110","12,800","12,800",18
2018/1/16 10:00,"13,020","13,020","12,600","12,710",37
2018/1/16 9:00,"13,200","13,330","13,000","13,060",17
2018/1/16 8:00,"13,600","13,620","13,220","13,220",43
2018/1/16 7:00,"14,000","14,000","13,500","13,500",5
,,,,,
,,,,,
,,,,,
,,,,,
,,,,,
,,,,,
,,,,,
,,,,,
,,,,,
,,,,,
,,,,,
,,,,,
,,,,,
,,,,,
,,,,,
,,,,,
,,,,,
,,,,,
,,,,,
,,,,,
,,,,,
,,,,,
,,,,,
,,,,,
,,,,,
,,,,,
,,,,,
,,,,,
,,,,,
2018/1/13 5:00,"13,960","13,980","13,770","13,770",7
2018/1/13 4:00,"13,610","13,940","13,610","13,940",21
2018/1/13 3:00,"13,550","13,620","13,503","13,620",25
2018/1/13 2:00,"13,620","13,650","13,460","13,460",8
2018/1/13 1:00,"13,460","13,570","13,460","13,490",9
2018/1/13 0:00,"13,750","13,750","13,470","13,470",17
2018/1/12 23:00,"13,900","13,950","13,780","13,780",16
2018/1/12 22:00,"14,040","14,060","13,800","13,810",6
2018/1/12 21:00,"13,960","14,050","13,960","14,000",3
2018/1/12 20:00,"14,040","14,040","14,040","14,040",1
2018/1/12 19:00,"13,960","14,130","13,960","14,120",5
2018/1/12 18:00,"13,530","14,004","13,530","14,004",6
2018/1/12 17:00,"13,640","13,660","13,500","13,500",11
2018/1/12 16:00,"13,580","13,580","13,580","13,580",1
2018/1/12 15:00,"13,700","13,700","13,700","13,700",2
,,,,,
2018/1/12 13:00,"13,622","13,780","13,500","13,500",7
2018/1/12 12:00,"13,640","13,750","13,640","13,750",4
2018/1/12 11:00,"13,560","13,560","13,560","13,560",1
2018/1/12 10:00,"13,500","13,560","13,500","13,520",13
2018/1/12 9:00,"13,000","13,280","13,000","13,280",5
2018/1/12 8:00,"13,340","13,340","13,220","13,250",3
2018/1/12 7:00,"13,250","13,250","12,971","13,250",7
2018/1/12 6:00,"13,560","13,560","13,560","13,560",1
2018/1/12 5:00,"13,500","13,500","13,400","13,433",7
2018/1/12 4:00,"13,500","13,500","13,190","13,190",21
2018/1/12 3:00,"13,890","13,950","13,850","13,900",15
2018/1/12 2:00,"13,700","13,750","13,680","13,750",6
2018/1/12 1:00,"14,100","14,100","13,750","13,750",13
2018/1/12 0:00,"14,050","14,099","13,910","14,030",15
2018/1/11 23:00,"13,730","14,270","13,730","14,150",38
,,,,,
2018/1/11 21:00,"13,810","13,940","13,810","13,940",2
2018/1/11 20:00,"13,390","13,800","13,390","13,800",5
2018/1/11 19:00,"13,460","13,460","13,450","13,450",2
2018/1/11 18:00,"13,610","13,610","13,550","13,550",5
2018/1/11 17:00,"13,910","13,910","13,910","13,910",2
2018/1/11 16:00,"13,890","13,890","13,890","13,890",1
2018/1/11 15:00,"13,410","13,750","13,410","13,750",3
2018/1/11 14:00,"13,460","13,500","13,200","13,200",9
2018/1/11 13:00,"13,280","13,540","13,040","13,500",19
2018/1/11 12:00,"13,940","13,940","12,830","13,200",50
2018/1/11 11:00,"14,500","14,500","13,730","13,730",15
2018/1/11 10:00,"14,700","14,700","14,700","14,700",1
2018/1/11 9:00,"14,750","14,750","14,700","14,700",2
2018/1/11 8:00,"14,750","15,000","14,750","15,000",6
2018/1/11 7:00,"14,620","14,620","14,620","14,620",9
2018/1/11 6:00,"14,600","14,640","14,600","14,640",2
2018/1/11 5:00,"14,540","14,570","14,540","14,570",2
,,,,,
2018/1/11 3:00,"14,580","14,650","14,500","14,500",5
2018/1/11 2:00,"14,610","14,750","14,610","14,750",2
2018/1/11 1:00,"14,580","14,600","14,500","14,580",11
2018/1/11 0:00,"14,240","14,800","14,240","14,800",11
2018/1/10 23:00,"13,850","14,290","13,750","14,290",18
2018/1/10 22:00,"13,850","13,850","13,850","13,850",1
2018/1/10 21:00,"14,070","14,070","14,000","14,000",3
2018/1/10 20:00,"14,180","14,250","14,120","14,250",5
2018/1/10 19:00,"13,900","13,900","13,900","13,900",1
2018/1/10 18:00,"13,960","14,020","13,900","13,910",34
2018/1/10 17:00,"13,750","13,830","13,640","13,750",6
2018/1/10 16:00,"14,310","14,310","13,650","13,780",18
,,,,,
2018/1/10 14:00,"14,300","14,300","14,300","14,300",1
2018/1/10 13:00,"14,350","14,350","14,350","14,350",2
2018/1/10 12:00,"14,170","14,170","14,170","14,170",1
2018/1/10 11:00,"14,340","14,340","14,340","14,340",2
2018/1/10 10:00,"14,270","14,270","14,260","14,260",3
2018/1/10 9:00,"14,380","14,380","14,380","14,380",1
2018/1/10 8:00,"14,490","14,490","14,000","14,000",6
2018/1/10 7:00,"14,540","14,540","14,500","14,500",3
2018/1/10 6:00,"14,750","14,750","14,750","14,750",1
2018/1/10 5:00,"14,880","14,880","14,860","14,870",8
2018/1/10 4:00,"14,870","14,870","14,780","14,780",4
2018/1/10 3:00,"15,020","15,020","14,910","14,930",6
2018/1/10 2:00,"15,020","15,020","15,020","15,020",1
2018/1/10 1:00,"14,920","15,030","14,920","15,030",19
2018/1/10 0:00,"14,750","14,850","14,700","14,850",23
2018/1/9 23:00,"14,550","14,820","14,550","14,810",26
2018/1/9 22:00,"14,380","14,560","14,380","14,450",14
2018/1/9 21:00,"14,500","14,540","14,460","14,540",3
2018/1/9 20:00,"15,000","15,000","14,970","14,970",2
2018/1/9 19:00,"14,750","14,750","14,610","14,700",3
2018/1/9 18:00,"15,000","15,000","15,000","15,000",2
,,,,,
2018/1/9 16:00,"15,250","15,250","15,250","15,250",1
2018/1/9 15:00,"15,000","15,140","15,000","15,110",3
,,,,,
2018/1/9 13:00,"15,450","15,480","15,410","15,410",3
2018/1/9 12:00,"15,300","15,300","15,300","15,300",2
,,,,,
2018/1/9 10:00,"15,268","15,268","15,268","15,268",1
2018/1/9 9:00,"15,200","15,250","15,200","15,250",2
2018/1/9 8:00,"14,880","15,100","14,880","15,100",4
2018/1/9 7:00,"14,750","14,880","14,680","14,880",5
2018/1/9 6:00,"15,100","15,100","15,100","15,100",1
2018/1/9 5:00,"14,950","15,010","14,940","15,010",11
2018/1/9 4:00,"15,160","15,250","14,750","14,750",15
2018/1/9 3:00,"15,170","15,170","15,060","15,150",11
2018/1/9 2:00,"14,770","15,150","14,750","15,150",14
2018/1/9 1:00,"14,850","15,090","14,850","15,000",27
2018/1/9 0:00,"14,750","14,980","14,550","14,890",34
2018/1/8 23:00,"15,000","15,050","14,040","14,680",91
2018/1/8 22:00,"15,030","15,050","14,830","15,050",30
2018/1/8 21:00,"15,500","15,600","15,060","15,060",10
2018/1/8 20:00,"15,640","15,694","15,550","15,550",5
2018/1/8 19:00,"15,510","15,510","15,510","15,510",1
2018/1/8 18:00,"15,670","15,670","15,500","15,590",6
2018/1/8 17:00,"15,750","15,750","15,640","15,650",94
,,,,,
2018/1/8 15:00,"16,010","16,010","16,000","16,000",2
2018/1/8 14:00,"16,040","16,040","16,040","16,040",1
2018/1/8 13:00,"15,970","16,000","15,970","16,000",2
2018/1/8 12:00,"15,850","15,980","15,750","15,940",8
2018/1/8 11:00,"15,900","15,900","15,840","15,870",3
2018/1/8 10:00,"16,120","16,180","16,120","16,180",3
2018/1/8 9:00,"16,350","16,350","16,000","16,040",4
2018/1/8 8:00,"16,410","16,450","16,211","16,390",6
2018/1/8 7:00,"16,700","16,700","16,500","16,500",2
,,,,,
,,,,,
,,,,,
,,,,,
,,,,,
2018/1/6 5:00,"16,570","16,800","16,500","16,760",9
2018/1/6 4:00,"16,500","16,580","16,500","16,550",17
2018/1/6 3:00,"16,530","16,530","16,450","16,483",9
2018/1/6 2:00,"16,570","16,700","16,510","16,660",20
2018/1/6 1:00,"16,440","16,540","16,440","16,540",2
2018/1/6 0:00,"16,150","16,500","16,120","16,500",23
2018/1/5 23:00,"16,250","16,320","16,150","16,150",9
2018/1/5 22:00,"16,100","16,170","16,090","16,130",9
2018/1/5 21:00,"16,010","16,050","16,000","16,050",11
2018/1/5 20:00,"16,250","16,300","16,220","16,220",16
2018/1/5 19:00,"16,130","16,320","16,000","16,210",30
2018/1/5 18:00,"16,130","16,130","16,020","16,080",3
2018/1/5 17:00,"15,500","16,040","15,500","15,980",21
2018/1/5 16:00,"15,250","15,300","15,250","15,300",2
2018/1/5 15:00,"15,010","15,049","15,000","15,049",4
,,,,,
2018/1/5 13:00,"15,000","15,000","15,000","15,000",1
2018/1/5 12:00,"15,020","15,020","15,020","15,020",1
2018/1/5 11:00,"15,300","15,300","15,300","15,300",1
2018/1/5 10:00,"15,280","15,400","15,280","15,380",20
,,,,,
2018/1/5 8:00,"15,110","15,110","15,100","15,100",3
2018/1/5 7:00,"15,220","15,250","15,220","15,250",2
,,,,,
,,,,,
2018/1/5 4:00,"15,130","15,186","15,040","15,186",15
2018/1/5 3:00,"14,930","14,930","14,870","14,930",7
2018/1/5 2:00,"14,910","15,000","14,800","14,990",18
2018/1/5 1:00,"14,680","14,920","14,680","14,920",14
2018/1/5 0:00,"14,680","14,760","14,610","14,640",19
2018/1/4 23:00,"14,670","14,840","14,660","14,660",6
2018/1/4 22:00,"14,710","14,710","14,710","14,710",4
2018/1/4 21:00,"14,590","14,660","14,490","14,660",36
2018/1/4 20:00,"14,670","14,670","14,570","14,570",3
2018/1/4 19:00,"14,710","14,730","14,570","14,570",8
2018/1/4 18:00,"14,620","14,650","14,610","14,650",3
2018/1/4 17:00,"14,600","14,700","14,400","14,490",33
2018/1/4 16:00,"14,980","14,980","14,700","14,700",6
2018/1/4 15:00,"15,130","15,260","15,000","15,000",5
2018/1/4 14:00,"15,110","15,210","15,110","15,210",3
2018/1/4 13:00,"15,070","15,070","15,000","15,000",3
,,,,,
2018/1/4 11:00,"15,460","15,460","15,460","15,460",1
2018/1/4 10:00,"15,350","15,500","15,270","15,500",4
2018/1/4 9:00,"15,200","15,200","15,200","15,200",1
2018/1/4 8:00,"15,260","15,300","15,260","15,290",3
2018/1/4 7:00,"15,180","15,200","15,020","15,020",4
2018/1/4 6:00,"15,160","15,160","15,160","15,160",1
2018/1/4 5:00,"14,990","15,120","14,990","15,090",12
2018/1/4 4:00,"14,950","14,980","14,950","14,960",3
2018/1/4 3:00,"14,960","15,060","14,960","15,060",7
2018/1/4 2:00,"15,260","15,260","15,000","15,000",9
2018/1/4 1:00,"15,260","15,290","15,250","15,290",8
2018/1/4 0:00,"15,250","15,360","15,250","15,360",7
2018/1/3 23:00,"15,260","15,260","15,260","15,260",1
2018/1/3 22:00,"15,050","15,050","15,050","15,050",1
2018/1/3 21:00,"14,900","14,900","14,900","14,900",1
,,,,,
,,,,,
2018/1/3 18:00,"15,000","15,000","15,000","15,000",2
2018/1/3 17:00,"15,360","15,370","15,300","15,300",9
2018/1/3 16:00,"15,600","15,600","15,360","15,360",12
2018/1/3 15:00,"15,470","15,600","15,450","15,600",6
2018/1/3 14:00,"15,410","15,410","15,250","15,300",6
,,,,,
2018/1/3 12:00,"15,230","15,230","15,170","15,170",4
2018/1/3 11:00,"15,050","15,450","15,050","15,313",7
2018/1/3 10:00,"15,050","15,050","15,050","15,050",1
2018/1/3 9:00,"15,010","15,050","15,000","15,040",4
2018/1/3 8:00,"14,950","14,950","14,950","14,950",1
2018/1/3 7:00,"15,050","15,100","14,910","14,940",5
2018/1/3 6:00,"15,080","15,090","15,080","15,090",2
2018/1/3 5:00,"15,160","15,250","15,050","15,050",8
2018/1/3 4:00,"15,060","15,330","15,000","15,330",9
2018/1/3 3:00,"14,780","15,250","14,780","15,190",33
2018/1/3 2:00,"14,060","14,600","14,040","14,600",26
2018/1/3 1:00,"13,960","14,000","13,830","13,910",15
2018/1/3 0:00,"13,830","14,000","13,810","14,000",18
2018/1/2 23:00,"14,100","14,100","13,920","13,924",26
2018/1/2 22:00,"14,100","14,140","14,100","14,100",17
2018/1/2 21:00,"14,000","14,000","14,000","14,000",1
2018/1/2 20:00,"13,790","13,790","13,780","13,780",2
2018/1/2 19:00,"13,950","13,950","13,850","13,850",4
2018/1/2 18:00,"13,810","13,830","13,810","13,830",2
2018/1/2 17:00,"13,710","13,710","13,690","13,690",3
2018/1/2 16:00,"13,660","13,660","13,660","13,660",4
,,,,,
2018/1/2 14:00,"13,300","13,300","13,300","13,300",1
,,,,,
2018/1/2 12:00,"13,640","13,640","13,350","13,350",9
2018/1/2 11:00,"13,700","13,700","13,520","13,520",2
2018/1/2 10:00,"13,940","13,940","13,880","13,880",2
2018/1/2 9:00,"14,070","14,070","14,070","14,070",1
2018/1/2 8:00,"13,680","13,960","13,553","13,960",30
2018/1/2 7:00,"13,793","14,000","13,725","13,725",8
,,,,,
,,,,,
,,,,,
,,,,,
,,,,,
,,,,,
,,,,,
,,,,,
,,,,,
,,,,,
,,,,,
,,,,,
,,,,,
,,,,,
,,,,,
,,,,,
,,,,,
,,,,,
,,,,,
,,,,,
,,,,,
,,,,,
,,,,,
,,,,,
,,,,,
,,,,,
,,,,,
,,,,,
,,,,,
2017/12/30 5:00,"14,720","14,720","14,610","14,630",9
2017/12/30 4:00,"14,830","14,930","14,800","14,800",32
2017/12/30 3:00,"14,840","14,900","14,770","14,770",16
2017/12/30 2:00,"15,070","15,070","14,810","14,840",15
2017/12/30 1:00,"15,000","15,070","14,980","15,070",13
2017/12/30 0:00,"14,750","14,860","14,720","14,860",18
2017/12/29 23:00,"14,600","14,660","14,580","14,600",17
2017/12/29 22:00,"14,150","14,650","14,150","14,650",26
,,,,,
2017/12/29 20:00,"14,390","14,390","14,390","14,390",1
2017/12/29 19:00,"14,200","14,200","14,140","14,140",2
2017/12/29 18:00,"14,457","14,478","14,400","14,460",5
2017/12/29 17:00,"14,820","14,990","14,380","14,380",37
2017/12/29 16:00,"14,830","14,830","14,830","14,830",1
2017/12/29 15:00,"15,020","15,020","14,750","14,750",7
2017/12/29 14:00,"15,100","15,270","15,100","15,270",2
2017/12/29 13:00,"14,900","14,900","14,900","14,900",1
2017/12/29 12:00,"14,960","14,960","14,960","14,960",4
2017/12/29 11:00,"15,000","15,100","14,990","15,050",4
2017/12/29 10:00,"14,800","14,880","14,800","14,880",3
,,,,,
2017/12/29 8:00,"14,450","14,450","14,450","14,450",1
2017/12/29 7:00,"14,270","14,270","14,200","14,200",2
,,,,,
2017/12/29 5:00,"14,060","14,060","14,050","14,050",2
2017/12/29 4:00,"14,060","14,060","14,060","14,060",1
2017/12/29 3:00,"13,850","14,000","13,600","14,000",15
2017/12/29 2:00,"14,060","14,060","14,060","14,060",1
2017/12/29 1:00,"14,170","14,220","14,000","14,070",12
2017/12/29 0:00,"14,450","14,450","14,340","14,440",9
2017/12/28 23:00,"14,390","14,490","14,390","14,490",18
2017/12/28 22:00,"14,350","14,350","14,030","14,270",9
2017/12/28 21:00,"14,090","14,420","14,090","14,420",4
2017/12/28 20:00,"14,050","14,050","14,050","14,050",1
2017/12/28 19:00,"14,160","14,160","13,850","13,850",4
2017/12/28 18:00,"14,490","14,600","14,450","14,450",11
2017/12/28 17:00,"14,150","14,150","14,150","14,150",1
,,,,,
2017/12/28 15:00,"14,170","14,170","14,170","14,170",1
2017/12/28 14:00,"14,000","14,100","13,810","14,100",3
2017/12/28 13:00,"14,700","14,700","14,700","14,700",1
2017/12/28 12:00,"14,000","14,650","14,000","14,650",4
2017/12/28 11:00,"15,050","15,050","14,100","14,480",15
2017/12/28 10:00,"15,300","15,340","15,150","15,150",14
2017/12/28 9:00,"15,400","15,400","15,200","15,390",5
2017/12/28 8:00,"15,550","15,550","15,460","15,460",2
2017/12/28 7:00,"15,500","15,500","15,480","15,480",4
2017/12/28 6:00,"15,370","15,380","15,370","15,380",4
2017/12/28 5:00,"14,790","15,160","14,790","15,160",21
2017/12/28 4:00,"15,130","15,210","15,000","15,000",6
2017/12/28 3:00,"15,140","15,390","15,140","15,390",14
2017/12/28 2:00,"15,160","15,300","15,120","15,300",8
2017/12/28 1:00,"15,430","15,430","14,770","15,040",47
2017/12/28 0:00,"15,560","15,560","15,520","15,520",12
2017/12/27 23:00,"15,950","15,950","15,450","15,480",6
2017/12/27 22:00,"15,950","16,060","15,950","16,060",17
2017/12/27 21:00,"16,200","16,200","16,200","16,200",1
,,,,,
2017/12/27 19:00,"15,950","15,970","15,950","15,970",2
2017/12/27 18:00,"16,100","16,160","15,710","15,730",6
2017/12/27 17:00,"16,490","16,490","16,310","16,310",2
2017/12/27 16:00,"16,500","16,570","16,400","16,570",11
2017/12/27 15:00,"16,600","16,600","16,500","16,500",2
,,,,,
2017/12/27 13:00,"16,730","16,730","16,630","16,670",3
2017/12/27 12:00,"16,050","16,550","16,050","16,550",4
,,,,,
2017/12/27 10:00,"16,300","16,311","16,210","16,210",5
2017/12/27 9:00,"16,300","16,300","16,300","16,300",1
2017/12/27 8:00,"15,870","15,870","15,870","15,870",1
2017/12/27 7:00,"15,850","15,850","15,790","15,790",2
2017/12/27 6:00,"16,060","16,060","16,030","16,030",2
2017/12/27 5:00,"16,250","16,250","15,980","16,050",4
2017/12/27 4:00,"16,180","16,220","16,150","16,150",4
2017/12/27 3:00,"15,910","16,110","15,900","16,110",4
2017/12/27 2:00,"15,990","16,120","15,740","15,820",31
2017/12/27 1:00,"16,230","16,280","16,060","16,220",16
2017/12/27 0:00,"16,000","16,250","16,000","16,250",9
2017/12/26 23:00,"15,860","16,050","15,800","16,050",44
2017/12/26 22:00,"15,580","15,850","15,570","15,800",6
2017/12/26 21:00,"15,480","15,710","15,480","15,550",5
2017/12/26 20:00,"15,400","15,440","15,400","15,400",4
2017/12/26 19:00,"15,540","15,540","15,500","15,500",6
2017/12/26 18:00,"15,300","15,590","15,300","15,590",3
,,,,,
2017/12/26 16:00,"15,390","15,390","15,390","15,390",1
2017/12/26 15:00,"15,300","15,517","15,300","15,517",3
2017/12/26 14:00,"15,300","15,300","15,241","15,241",2
2017/12/26 13:00,"15,180","15,500","15,180","15,500",5
2017/12/26 12:00,"14,850","15,214","14,850","15,214",7
,,,,,
2017/12/26 10:00,"14,050","14,410","14,050","14,410",5
,,,,,
2017/12/26 8:00,"14,150","14,200","14,150","14,200",2
2017/12/26 7:00,"13,750","13,750","13,750","13,750",1
,,,,,
,,,,,
,,,,,
,,,,,
,,,,,
,,,,,
,,,,,
,,,,,
,,,,,
,,,,,
,,,,,
,,,,,
,,,,,
,,,,,
,,,,,
,,,,,
,,,,,
,,,,,
,,,,,
,,,,,
,,,,,
,,,,,
,,,,,
,,,,,
,,,,,
,,,,,
,,,,,
,,,,,
,,,,,
2017/12/23 5:00,"14,000","14,400","14,000","14,330",13
2017/12/23 4:00,"13,400","13,820","13,060","13,820",16
2017/12/23 3:00,"13,440","13,720","13,360","13,460",14
2017/12/23 2:00,"13,380","13,380","12,890","13,250",16
2017/12/23 1:00,"12,770","13,490","12,770","13,450",24
2017/12/23 0:00,"12,900","13,500","12,560","12,570",21
2017/12/22 23:00,"12,250","13,040","11,600","13,040",50
2017/12/22 22:00,"13,240","13,450","11,780","12,250",40
2017/12/22 21:00,"14,430","14,470","12,940","12,940",14
2017/12/22 20:00,"14,290","14,290","14,290","14,290",1
2017/12/22 19:00,"14,650","14,650","14,330","14,330",2
2017/12/22 18:00,"14,130","14,530","14,130","14,530",4
2017/12/22 17:00,"14,060","14,380","13,900","14,380",12
2017/12/22 16:00,"13,590","14,280","13,490","13,740",39
2017/12/22 15:00,"14,380","14,380","13,000","13,840",25
2017/12/22 14:00,"14,630","14,630","14,630","14,630",1
2017/12/22 13:00,"14,780","15,240","14,640","14,900",10
2017/12/22 12:00,"14,190","14,840","13,800","14,720",11
2017/12/22 11:00,"14,000","14,500","13,800","14,500",6
2017/12/22 10:00,"15,000","15,000","14,750","14,750",3
2017/12/22 9:00,"15,720","15,860","15,000","15,000",11
2017/12/22 8:00,"16,090","16,090","16,090","16,090",1
,,,,,
2017/12/22 6:00,"16,660","16,660","16,660","16,660",2
2017/12/22 5:00,"15,700","17,100","15,630","15,630",8
2017/12/22 4:00,"15,540","15,650","15,540","15,620",3
2017/12/22 3:00,"15,850","15,850","15,350","15,710",21
2017/12/22 2:00,"15,680","15,710","15,600","15,710",14
2017/12/22 1:00,"16,020","16,320","15,880","15,900",17
2017/12/22 0:00,"16,110","16,200","15,800","15,990",44
2017/12/21 23:00,"16,750","16,750","16,150","16,260",22
2017/12/21 22:00,"16,960","16,960","16,700","16,770",12
2017/12/21 21:00,"17,260","17,260","17,180","17,180",4
,,,,,
,,,,,
2017/12/21 18:00,"17,250","17,250","16,990","16,990",4
,,,,,
,,,,,
2017/12/21 15:00,"17,530","17,530","17,530","17,530",1
2017/12/21 14:00,"17,200","17,200","17,200","17,200",1
2017/12/21 13:00,"17,470","17,500","17,470","17,500",3
2017/12/21 12:00,"16,600","17,320","16,600","17,260",8
2017/12/21 11:00,"16,590","16,600","16,590","16,600",2
2017/12/21 10:00,"16,890","16,890","16,890","16,890",1
2017/12/21 9:00,"16,750","16,750","16,750","16,750",1
2017/12/21 8:00,"16,510","16,635","16,220","16,220",10
2017/12/21 7:00,"16,780","16,850","16,500","16,810",6
2017/12/21 6:00,"16,500","16,500","16,500","16,500",1
2017/12/21 5:00,"17,100","17,100","17,100","17,100",5
2017/12/21 4:00,"17,150","17,150","17,140","17,140",2
2017/12/21 3:00,"17,150","17,150","17,150","17,150",3
2017/12/21 2:00,"17,350","17,375","17,150","17,150",4
2017/12/21 1:00,"16,750","17,150","16,750","17,150",18
2017/12/21 0:00,"17,530","17,530","16,810","16,970",11
2017/12/20 23:00,"18,050","18,050","17,550","17,650",4
2017/12/20 22:00,"17,940","18,120","17,940","18,120",2
2017/12/20 21:00,"18,280","18,550","18,280","18,380",9
2017/12/20 20:00,"17,930","18,300","17,480","18,300",11
,,,,,
2017/12/20 18:00,"17,950","18,000","17,950","18,000",2
2017/12/20 17:00,"17,750","17,850","17,750","17,850",2
2017/12/20 16:00,"17,540","17,540","17,500","17,500",2
2017/12/20 15:00,"16,690","17,100","16,690","17,100",3
2017/12/20 14:00,"17,480","17,480","16,880","16,880",5
,,,,,
2017/12/20 12:00,"17,880","17,880","17,880","17,880",1
2017/12/20 11:00,"18,530","18,530","17,650","17,650",2
2017/12/20 10:00,"17,020","17,020","16,960","16,960",2
2017/12/20 9:00,"17,000","18,010","16,100","16,640",23
2017/12/20 8:00,"18,320","18,320","17,610","17,610",2
2017/12/20 7:00,"17,870","18,190","17,870","18,190",2
2017/12/20 6:00,"17,800","18,760","17,800","18,760",2
2017/12/20 5:00,"18,460","18,480","18,300","18,300",11
2017/12/20 4:00,"18,600","18,700","18,550","18,550",5
2017/12/20 3:00,"18,940","19,070","18,940","18,940",3
2017/12/20 2:00,"18,850","18,850","18,840","18,840",2
2017/12/20 1:00,"18,790","19,440","18,790","19,440",4
2017/12/20 0:00,"18,650","18,800","18,650","18,800",4
2017/12/19 23:00,"18,570","18,770","18,540","18,770",7
2017/12/19 22:00,"19,000","19,000","18,690","18,720",14
2017/12/19 21:00,"18,960","19,110","18,960","19,110",2
2017/12/19 20:00,"18,740","18,740","18,550","18,550",3
2017/12/19 19:00,"18,980","19,080","18,870","18,870",7
2017/12/19 18:00,"19,250","19,250","19,250","19,250",1
2017/12/19 17:00,"19,900","19,900","19,800","19,800",9
2017/12/19 16:00,"19,950","19,950","19,886","19,886",5
2017/12/19 15:00,"19,750","19,940","19,750","19,940",4
2017/12/19 14:00,"19,750","19,750","19,750","19,750",1
,,,,,
2017/12/19 12:00,"19,750","19,940","19,750","19,940",4
2017/12/19 11:00,"19,530","19,530","19,530","19,530",1
,,,,,
2017/12/19 9:00,"19,600","19,600","19,600","19,600",1
2017/12/19 8:00,"19,730","19,800","19,730","19,800",2
,,,,,
,,,,,
,,,,,
2017/12/19 4:00,"19,400","19,510","19,400","19,420",3
2017/12/19 3:00,"19,150","19,410","19,040","19,390",6
2017/12/19 2:00,"19,000","19,000","19,000","19,000",3
2017/12/19 1:00,"19,300","19,300","19,187","19,187",6
2017/12/19 0:00,"19,410","19,410","19,350","19,350",3
2017/12/18 23:00,"19,019","19,270","19,019","19,270",13
2017/12/18 22:00,"19,500","19,522","18,940","18,940",16
2017/12/18 21:00,"19,700","19,700","19,650","19,650",3
2017/12/18 20:00,"19,660","19,800","19,660","19,800",3
2017/12/18 19:00,"19,400","19,430","19,400","19,430",2
2017/12/18 18:00,"19,390","19,390","19,350","19,350",2
2017/12/18 17:00,"19,460","19,590","19,460","19,590",7
,,,,,
2017/12/18 15:00,"19,550","19,650","19,500","19,511",17
,,,,,
2017/12/18 13:00,"19,420","19,420","19,420","19,420",1
2017/12/18 12:00,"19,090","19,090","19,090","19,090",1
2017/12/18 11:00,"19,100","19,100","18,850","18,850",2
2017/12/18 10:00,"19,040","19,100","18,600","19,100",7
2017/12/18 9:00,"19,100","19,100","18,490","18,640",15
2017/12/18 8:00,"19,600","19,760","19,520","19,520",4
2017/12/18 7:00,"20,000","20,500","19,550","19,650",25
,,,,,
,,,,,
,,,,,
,,,,,
,,,,,
2017/12/16 5:00,"18,400","18,500","18,210","18,220",17
2017/12/16 4:00,"18,200","18,260","18,200","18,260",2
2017/12/16 3:00,"18,120","18,680","18,120","18,200",16
2017/12/16 2:00,"18,400","18,430","18,060","18,060",7
2017/12/16 1:00,"18,230","18,400","18,230","18,400",13
2017/12/16 0:00,"18,090","18,320","18,090","18,280",8
2017/12/15 23:00,"18,350","18,350","18,090","18,090",15
2017/12/15 22:00,"18,320","18,450","18,320","18,449",4
2017/12/15 21:00,"18,780","18,780","18,390","18,590",8
2017/12/15 20:00,"18,870","18,950","18,870","18,950",7
,,,,,
2017/12/15 18:00,"18,500","18,800","18,500","18,800",10
2017/12/15 17:00,"18,320","18,400","18,280","18,400",5
2017/12/15 16:00,"18,050","18,310","18,050","18,310",10
,,,,,
,,,,,
,,,,,
2017/12/15 12:00,"18,000","18,110","18,000","18,110",3
2017/12/15 11:00,"18,150","18,150","18,150","18,150",1
2017/12/15 10:00,"17,460","17,700","17,460","17,700",15
2017/12/15 9:00,"17,340","17,340","17,319","17,319",2
2017/12/15 8:00,"17,220","17,220","17,220","17,220",1
,,,,,
,,,,,
2017/12/15 5:00,"16,970","16,970","16,780","16,820",13
2017/12/15 4:00,"17,040","17,080","16,940","16,940",10
2017/12/15 3:00,"17,130","17,130","17,080","17,080",2
2017/12/15 2:00,"17,220","17,260","17,190","17,190",9
2017/12/15 1:00,"17,100","17,260","17,100","17,260",5
2017/12/15 0:00,"17,040","17,170","17,040","17,120",10
2017/12/14 23:00,"17,220","17,220","16,820","16,950",5
2017/12/14 22:00,"17,410","17,410","17,410","17,410",1
2017/12/14 21:00,"17,700","17,700","17,700","17,700",1
,,,,,
,,,,,
2017/12/14 18:00,"17,680","17,680","17,400","17,400",6
2017/12/14 17:00,"17,700","17,700","17,680","17,680",3
2017/12/14 16:00,"17,500","17,700","17,500","17,700",17
,,,,,
,,,,,
,,,,,
,,,,,
2017/12/14 11:00,"17,110","17,110","17,110","17,110",1
2017/12/14 10:00,"17,280","17,280","17,280","17,280",1
2017/12/14 9:00,"17,390","17,390","17,390","17,390",1
,,,,,
,,,,,
,,,,,
2017/12/14 5:00,"17,180","17,180","17,090","17,090",13
2017/12/14 4:00,"17,150","17,230","17,060","17,210",6
2017/12/14 3:00,"16,900","17,200","16,484","17,200",15
2017/12/14 2:00,"17,320","17,320","17,000","17,000",12
2017/12/14 1:00,"18,140","18,140","17,420","17,700",15
2017/12/14 0:00,"18,290","18,290","18,210","18,240",4
2017/12/13 23:00,"18,420","18,420","18,350","18,360",3
2017/12/13 22:00,"18,400","18,440","18,350","18,440",6
2017/12/13 21:00,"18,500","18,500","18,470","18,470",4
2017/12/13 20:00,"18,210","18,210","18,210","18,210",1
,,,,,
,,,,,
2017/12/13 17:00,"18,100","18,100","18,100","18,100",2
,,,,,
,,,,,
,,,,,
2017/12/13 13:00,"18,000","18,000","18,000","18,000",7
,,,,,
2017/12/13 11:00,"18,200","18,200","18,000","18,000",3
2017/12/13 10:00,"18,350","18,350","18,200","18,200",3
2017/12/13 9:00,"18,510","18,530","18,510","18,530",2
2017/12/13 8:00,"18,350","18,550","18,350","18,550",3
,,,,,
2017/12/13 6:00,"18,350","18,350","18,350","18,350",1
2017/12/13 5:00,"18,690","18,700","18,500","18,550",5
2017/12/13 4:00,"18,700","18,880","18,680","18,680",8
2017/12/13 3:00,"18,880","18,880","18,680","18,730",5
2017/12/13 2:00,"18,700","19,190","18,700","19,190",5
2017/12/13 1:00,"18,730","18,760","18,660","18,660",6
2017/12/13 0:00,"18,440","18,840","18,400","18,800",13
2017/12/12 23:00,"18,470","18,580","18,400","18,420",14
2017/12/12 22:00,"18,780","18,900","18,500","18,500",7
2017/12/12 21:00,"18,390","18,390","18,390","18,390",1
2017/12/12 20:00,"18,180","18,210","18,110","18,110",7
,,,,,
,,,,,
2017/12/12 17:00,"18,400","18,450","18,300","18,300",4
,,,,,
2017/12/12 15:00,"18,050","18,070","18,050","18,070",2
2017/12/12 14:00,"17,930","18,070","17,930","18,070",3
2017/12/12 13:00,"17,820","17,820","17,820","17,820",1
2017/12/12 12:00,"17,950","17,960","17,950","17,950",7
2017/12/12 11:00,"18,240","18,240","18,000","18,000",4
2017/12/12 10:00,"18,110","18,110","18,110","18,110",1
,,,,,
2017/12/12 8:00,"18,200","18,200","18,050","18,050",3
2017/12/12 7:00,"18,150","18,150","18,150","18,150",1
2017/12/12 6:00,"18,760","18,830","18,350","18,350",8
2017/12/12 5:00,"18,980","18,980","18,770","18,770",7
2017/12/12 4:00,"18,330","18,980","18,330","18,980",8
2017/12/12 3:00,"18,390","18,390","18,390","18,390",1
2017/12/12 2:00,"18,140","18,260","18,140","18,260",2
2017/12/12 1:00,"18,500","18,550","18,090","18,180",16
2017/12/12 0:00,"18,190","18,500","18,190","18,500",11
2017/12/11 23:00,"18,190","18,680","18,190","18,200",4
2017/12/11 22:00,"18,050","18,080","18,050","18,080",2
2017/12/11 21:00,"18,260","18,260","18,260","18,260",1
2017/12/11 20:00,"18,530","18,530","17,840","18,260",4
2017/12/11 19:00,"19,040","19,040","19,040","19,040",1
,,,,,
2017/12/11 17:00,"19,100","19,100","19,100","19,100",1
2017/12/11 16:00,"19,080","19,120","19,050","19,090",6
2017/12/11 15:00,"18,840","18,840","18,840","18,840",1
2017/12/11 14:00,"18,250","19,330","18,250","18,400",15
2017/12/11 13:00,"18,190","18,250","18,130","18,250",3
2017/12/11 12:00,"18,880","18,880","18,240","18,240",9
2017/12/11 11:00,"17,540","18,660","17,400","18,660",7
2017/12/11 10:00,"17,000","17,260","17,000","17,260",3
2017/12/11 9:00,"16,430","16,800","16,430","16,800",2
,,,,,
2017/12/11 7:00,"14,710","14,710","14,710","14,710",1
,,,,,
,,,,,
,,,,,
,,,,,
,,,,,
,,,,,
,,,,,
,,,,,
,,,,,
,,,,,
,,,,,
,,,,,
,,,,,
,,,,,
,,,,,
,,,,,
,,,,,
,,,,,
,,,,,
,,,,,
,,,,,
,,,,,
,,,,,
,,,,,
,,,,,
,,,,,
,,,,,
,,,,,
