btcdate,btcbegin,cboebegin,cboehigh,cboelow,cboeend,cboevolumn
2017-12-11 07:00:00,14690.4258,14710.0,14710.0,14710.0,14710.0,1.0
2017-12-11 08:00:00,14646.6904,15570.0,15755.0,15570.0,15755.0,1.5
2017-12-11 09:00:00,15097.2529,16430.0,16800.0,16430.0,16800.0,2.0
2017-12-11 10:00:00,15459.7676,17000.0,17260.0,17000.0,17260.0,3.0
2017-12-11 11:00:00,16162.8467,17540.0,18660.0,17400.0,18660.0,7.0
2017-12-11 12:00:00,16502.0645,18880.0,18880.0,18240.0,18240.0,9.0
2017-12-11 13:00:00,16404.9297,18190.0,18250.0,18130.0,18250.0,3.0
2017-12-11 14:00:00,16333.7871,18250.0,19330.0,18250.0,18400.0,15.0
2017-12-11 15:00:00,16517.4531,18840.0,18840.0,18840.0,18840.0,1.0
2017-12-11 16:00:00,16807.832,19080.0,19120.0,19050.0,19090.0,6.0
2017-12-11 17:00:00,16809.4219,19100.0,19100.0,19100.0,19100.0,1.0
2017-12-11 18:00:00,16717.6855,19070.0,19070.0,19070.0,19070.0,1.0
2017-12-11 19:00:00,16666.2734,19040.0,19040.0,19040.0,19040.0,1.0
2017-12-11 20:00:00,16688.6992,18530.0,18530.0,17840.0,18260.0,4.0
2017-12-11 21:00:00,16489.1211,18260.0,18260.0,18260.0,18260.0,1.0
2017-12-11 22:00:00,16572.4551,18050.0,18080.0,18050.0,18080.0,2.0
2017-12-11 23:00:00,16485.3457,18190.0,18680.0,18190.0,18200.0,4.0
2017-12-12 00:00:00,16405.0,18190.0,18500.0,18190.0,18500.0,11.0
2017-12-12 01:00:00,16495.3984,18500.0,18550.0,18090.0,18180.0,16.0
2017-12-12 02:00:00,16478.9883,18140.0,18260.0,18140.0,18260.0,2.0
2017-12-12 03:00:00,16388.2988,18390.0,18390.0,18390.0,18390.0,1.0
2017-12-12 04:00:00,16508.2246,18330.0,18980.0,18330.0,18980.0,8.0
2017-12-12 05:00:00,17028.957,18980.0,18980.0,18770.0,18770.0,7.0
2017-12-12 06:00:00,17262.2012,18760.0,18830.0,18350.0,18350.0,8.0
2017-12-12 07:00:00,17148.1992,18150.0,18150.0,18150.0,18150.0,1.0
2017-12-12 08:00:00,16949.0723,18200.0,18200.0,18050.0,18050.0,3.0
2017-12-12 09:00:00,16750.4609,18155.0,18155.0,18080.0,18080.0,2.0
2017-12-12 10:00:00,16742.5,18110.0,18110.0,18110.0,18110.0,1.0
2017-12-12 11:00:00,16936.5918,18240.0,18240.0,18000.0,18000.0,4.0
2017-12-12 12:00:00,16765.8496,17950.0,17960.0,17950.0,17950.0,7.0
2017-12-12 13:00:00,16450.0,17820.0,17820.0,17820.0,17820.0,1.0
2017-12-12 14:00:00,16306.3984,17930.0,18070.0,17930.0,18070.0,3.0
2017-12-12 15:00:00,16541.5,18050.0,18070.0,18050.0,18070.0,2.0
2017-12-12 16:00:00,16658.6289,18225.0,18260.0,18175.0,18185.0,3.0
2017-12-12 17:00:00,16885.7949,18400.0,18450.0,18300.0,18300.0,4.0
2017-12-12 18:00:00,16887.6992,18326.666666666668,18370.0,18236.666666666668,18236.666666666668,5.0
2017-12-12 19:00:00,16924.1602,18253.333333333332,18290.0,18173.333333333332,18173.333333333332,6.0
2017-12-12 20:00:00,16773.0313,18180.0,18210.0,18110.0,18110.0,7.0
2017-12-12 21:00:00,16780.0488,18390.0,18390.0,18390.0,18390.0,1.0
2017-12-12 22:00:00,16754.3984,18780.0,18900.0,18500.0,18500.0,7.0
2017-12-12 23:00:00,17264.6348,18470.0,18580.0,18400.0,18420.0,14.0
2017-12-13 00:00:00,16956.4219,18440.0,18840.0,18400.0,18800.0,13.0
2017-12-13 01:00:00,17149.9727,18730.0,18760.0,18660.0,18660.0,6.0
2017-12-13 02:00:00,17169.875,18700.0,19190.0,18700.0,19190.0,5.0
2017-12-13 03:00:00,17307.1426,18880.0,18880.0,18680.0,18730.0,5.0
2017-12-13 04:00:00,17384.1934,18700.0,18880.0,18680.0,18680.0,8.0
2017-12-13 05:00:00,17373.6211,18690.0,18700.0,18500.0,18550.0,5.0
2017-12-13 06:00:00,17188.8867,18350.0,18350.0,18350.0,18350.0,1.0
2017-12-13 07:00:00,17248.2227,18350.0,18450.0,18350.0,18450.0,2.0
2017-12-13 08:00:00,17327.6172,18350.0,18550.0,18350.0,18550.0,3.0
2017-12-13 09:00:00,17149.0117,18510.0,18530.0,18510.0,18530.0,2.0
2017-12-13 10:00:00,17442.8691,18350.0,18350.0,18200.0,18200.0,3.0
2017-12-13 11:00:00,17098.4648,18200.0,18200.0,18000.0,18000.0,3.0
2017-12-13 12:00:00,16590.3457,18100.0,18100.0,18000.0,18000.0,5.0
2017-12-13 13:00:00,16682.1641,18000.0,18000.0,18000.0,18000.0,7.0
2017-12-13 14:00:00,16744.4707,18025.0,18025.0,18025.0,18025.0,5.75
2017-12-13 15:00:00,17037.3809,18050.0,18050.0,18050.0,18050.0,4.5
2017-12-13 16:00:00,16984.8965,18075.0,18075.0,18075.0,18075.0,3.25
2017-12-13 17:00:00,16885.457,18100.0,18100.0,18100.0,18100.0,2.0
2017-12-13 18:00:00,16821.1426,18136.666666666668,18136.666666666668,18136.666666666668,18136.666666666668,1.6666666666666665
2017-12-13 19:00:00,16777.3105,18173.333333333332,18173.333333333332,18173.333333333332,18173.333333333332,1.3333333333333333
2017-12-13 20:00:00,16843.9609,18210.0,18210.0,18210.0,18210.0,1.0
2017-12-13 21:00:00,16959.2422,18500.0,18500.0,18470.0,18470.0,4.0
2017-12-13 22:00:00,17120.5977,18400.0,18440.0,18350.0,18440.0,6.0
2017-12-13 23:00:00,17135.7734,18420.0,18420.0,18350.0,18360.0,3.0
2017-12-14 00:00:00,17121.7422,18290.0,18290.0,18210.0,18240.0,4.0
2017-12-14 01:00:00,17152.1758,18140.0,18140.0,17420.0,17700.0,15.0
2017-12-14 02:00:00,16755.832,17320.0,17320.0,17000.0,17000.0,12.0
2017-12-14 03:00:00,16508.0039,16900.0,17200.0,16484.0,17200.0,15.0
2017-12-14 04:00:00,16274.2607,17150.0,17230.0,17060.0,17210.0,6.0
2017-12-14 05:00:00,16468.8555,17180.0,17180.0,17090.0,17090.0,13.0
2017-12-14 06:00:00,16312.1465,17232.5,17232.5,17165.0,17165.0,10.0
2017-12-14 07:00:00,16751.998,17285.0,17285.0,17240.0,17240.0,7.0
2017-12-14 08:00:00,16474.3242,17337.5,17337.5,17315.0,17315.0,4.0
2017-12-14 09:00:00,16376.0654,17390.0,17390.0,17390.0,17390.0,1.0
2017-12-14 10:00:00,16540.916,17280.0,17280.0,17280.0,17280.0,1.0
2017-12-14 11:00:00,16366.7656,17110.0,17110.0,17110.0,17110.0,1.0
2017-12-14 12:00:00,16134.8174,17188.0,17228.0,17188.0,17228.0,4.199999999999999
2017-12-14 13:00:00,16218.4043,17266.0,17346.0,17266.0,17346.0,7.399999999999999
2017-12-14 14:00:00,16499.8301,17344.0,17464.0,17344.0,17464.0,10.6
2017-12-14 15:00:00,16430.2227,17422.0,17582.0,17422.0,17582.0,13.8
2017-12-14 16:00:00,16370.2002,17500.0,17700.0,17500.0,17700.0,17.0
2017-12-14 17:00:00,16704.8555,17700.0,17700.0,17680.0,17680.0,3.0
2017-12-14 18:00:00,16808.5977,17680.0,17680.0,17400.0,17400.0,6.0
2017-12-14 19:00:00,16497.9668,17686.666666666668,17686.666666666668,17500.0,17500.0,4.333333333333334
2017-12-14 20:00:00,16669.4277,17693.333333333332,17693.333333333332,17600.0,17600.0,2.666666666666667
2017-12-14 21:00:00,16619.375,17700.0,17700.0,17700.0,17700.0,1.0
2017-12-14 22:00:00,16759.2012,17410.0,17410.0,17410.0,17410.0,1.0
2017-12-14 23:00:00,16628.9395,17220.0,17220.0,16820.0,16950.0,5.0
2017-12-15 00:00:00,16331.4141,17040.0,17170.0,17040.0,17120.0,10.0
2017-12-15 01:00:00,16415.6758,17100.0,17260.0,17100.0,17260.0,5.0
2017-12-15 02:00:00,16374.5576,17220.0,17260.0,17190.0,17190.0,9.0
2017-12-15 03:00:00,16535.3574,17130.0,17130.0,17080.0,17080.0,2.0
2017-12-15 04:00:00,16485.9492,17040.0,17080.0,16940.0,16940.0,10.0
2017-12-15 05:00:00,16496.6758,16970.0,16970.0,16780.0,16820.0,13.0
2017-12-15 06:00:00,16410.0508,17053.333333333332,17053.333333333332,16926.666666666668,16953.333333333332,9.0
2017-12-15 07:00:00,16518.1094,17136.666666666668,17136.666666666668,17073.333333333332,17086.666666666668,5.0
2017-12-15 08:00:00,16591.4121,17220.0,17220.0,17220.0,17220.0,1.0
2017-12-15 09:00:00,16435.0195,17340.0,17340.0,17319.0,17319.0,2.0
2017-12-15 10:00:00,16913.5,17460.0,17700.0,17460.0,17700.0,15.0
2017-12-15 11:00:00,17045.8867,18150.0,18150.0,18150.0,18150.0,1.0
2017-12-15 12:00:00,17353.0,18000.0,18110.0,18000.0,18110.0,3.0
2017-12-15 13:00:00,17162.0,18012.5,18160.0,18012.5,18160.0,4.75
2017-12-15 14:00:00,17280.5,18025.0,18210.0,18025.0,18210.0,6.5
2017-12-15 15:00:00,17234.1855,18037.5,18260.0,18037.5,18260.0,8.25
2017-12-15 16:00:00,17133.8867,18050.0,18310.0,18050.0,18310.0,10.0
2017-12-15 17:00:00,17062.002,18320.0,18400.0,18280.0,18400.0,5.0
2017-12-15 18:00:00,17222.375,18500.0,18800.0,18500.0,18800.0,10.0
2017-12-15 19:00:00,17461.6953,18685.0,18875.0,18685.0,18875.0,8.5
2017-12-15 20:00:00,17770.9004,18870.0,18950.0,18870.0,18950.0,7.0
2017-12-15 21:00:00,17841.0,18780.0,18780.0,18390.0,18590.0,8.0
2017-12-15 22:00:00,17760.5,18320.0,18450.0,18320.0,18449.0,4.0
2017-12-15 23:00:00,17777.0566,18350.0,18350.0,18090.0,18090.0,15.0
2017-12-16 00:00:00,17659.5,18090.0,18320.0,18090.0,18280.0,8.0
2017-12-16 01:00:00,17568.2559,18230.0,18400.0,18230.0,18400.0,13.0
2017-12-16 02:00:00,17647.7422,18400.0,18430.0,18060.0,18060.0,7.0
2017-12-16 03:00:00,17620.3555,18120.0,18680.0,18120.0,18200.0,16.0
2017-12-16 04:00:00,17786.5488,18200.0,18260.0,18200.0,18260.0,2.0
2017-12-16 05:00:00,17701.2734,18400.0,18500.0,18210.0,18220.0,17.0
2017-12-16 06:00:00,17749.6992,18666.666666666668,18833.333333333332,18433.333333333332,18458.333333333332,18.333333333333336
2017-12-18 03:00:00,19039.5,18933.333333333332,19166.666666666668,18656.666666666668,18696.666666666668,19.666666666666668
2017-12-18 04:00:00,18843.3633,19200.0,19500.0,18880.0,18935.0,21.0
2017-12-18 05:00:00,18945.7734,19466.666666666668,19833.333333333332,19103.333333333332,19173.333333333332,22.333333333333332
2017-12-18 06:00:00,19035.4219,19733.333333333332,20166.666666666668,19326.666666666668,19411.666666666668,23.666666666666668
2017-12-18 07:00:00,18982.2754,20000.0,20500.0,19550.0,19650.0,25.0
2017-12-18 08:00:00,19370.541,19600.0,19760.0,19520.0,19520.0,4.0
2017-12-18 09:00:00,19029.9414,19100.0,19100.0,18490.0,18640.0,15.0
2017-12-18 10:00:00,18240.998,19040.0,19100.0,18600.0,19100.0,7.0
2017-12-18 11:00:00,18538.6875,19100.0,19100.0,18850.0,18850.0,2.0
2017-12-18 12:00:00,18361.1406,19090.0,19090.0,19090.0,19090.0,1.0
2017-12-18 13:00:00,18609.752,19420.0,19420.0,19420.0,19420.0,1.0
2017-12-18 14:00:00,18810.543,19485.0,19535.0,19460.0,19465.5,9.0
2017-12-18 15:00:00,18974.8652,19550.0,19650.0,19500.0,19511.0,17.0
2017-12-18 16:00:00,19032.1504,19505.0,19620.0,19480.0,19550.5,12.0
2017-12-18 17:00:00,18774.2266,19460.0,19590.0,19460.0,19590.0,7.0
2017-12-18 18:00:00,19010.25,19390.0,19390.0,19350.0,19350.0,2.0
2017-12-18 19:00:00,18863.4688,19400.0,19430.0,19400.0,19430.0,2.0
2017-12-18 20:00:00,18932.4785,19660.0,19800.0,19660.0,19800.0,3.0
2017-12-18 21:00:00,19169.9648,19700.0,19700.0,19650.0,19650.0,3.0
2017-12-18 22:00:00,18991.9102,19500.0,19522.0,18940.0,18940.0,16.0
2017-12-18 23:00:00,18790.0625,19019.0,19270.0,19019.0,19270.0,13.0
2017-12-19 00:00:00,18721.3672,19410.0,19410.0,19350.0,19350.0,3.0
2017-12-19 01:00:00,18821.0977,19300.0,19300.0,19187.0,19187.0,6.0
2017-12-19 02:00:00,18603.8672,19000.0,19000.0,19000.0,19000.0,3.0
2017-12-19 03:00:00,18571.5703,19150.0,19410.0,19040.0,19390.0,6.0
2017-12-19 04:00:00,18470.4883,19400.0,19510.0,19400.0,19420.0,3.0
2017-12-19 05:00:00,18738.9961,19482.5,19582.5,19482.5,19515.0,2.75
2017-12-19 06:00:00,18634.2578,19565.0,19655.0,19565.0,19610.0,2.5
2017-12-19 07:00:00,18674.4766,19647.5,19727.5,19647.5,19705.0,2.25
2017-12-19 08:00:00,18757.7031,19730.0,19800.0,19730.0,19800.0,2.0
2017-12-19 09:00:00,18931.0684,19600.0,19600.0,19600.0,19600.0,1.0
2017-12-19 10:00:00,18762.4863,19565.0,19565.0,19565.0,19565.0,1.0
2017-12-19 11:00:00,18733.7227,19530.0,19530.0,19530.0,19530.0,1.0
2017-12-19 12:00:00,18765.625,19750.0,19940.0,19750.0,19940.0,4.0
2017-12-19 13:00:00,18918.6602,19750.0,19845.0,19750.0,19845.0,2.5
2017-12-19 14:00:00,18838.9805,19750.0,19750.0,19750.0,19750.0,1.0
2017-12-19 15:00:00,18787.2109,19750.0,19940.0,19750.0,19940.0,4.0
2017-12-19 16:00:00,18679.5234,19950.0,19950.0,19886.0,19886.0,5.0
2017-12-19 17:00:00,18743.2949,19900.0,19900.0,19800.0,19800.0,9.0
2017-12-19 18:00:00,18796.5313,19250.0,19250.0,19250.0,19250.0,1.0
2017-12-19 19:00:00,18607.2734,18980.0,19080.0,18870.0,18870.0,7.0
2017-12-19 20:00:00,18236.5547,18740.0,18740.0,18550.0,18550.0,3.0
2017-12-19 21:00:00,17752.3828,18960.0,19110.0,18960.0,19110.0,2.0
2017-12-19 22:00:00,17956.8281,19000.0,19000.0,18690.0,18720.0,14.0
2017-12-19 23:00:00,18045.5664,18570.0,18770.0,18540.0,18770.0,7.0
2017-12-20 00:00:00,17894.748,18650.0,18800.0,18650.0,18800.0,4.0
2017-12-20 01:00:00,17912.8828,18790.0,19440.0,18790.0,19440.0,4.0
2017-12-20 02:00:00,18305.4336,18850.0,18850.0,18840.0,18840.0,2.0
2017-12-20 03:00:00,18223.6563,18940.0,19070.0,18940.0,18940.0,3.0
2017-12-20 04:00:00,18180.7461,18600.0,18700.0,18550.0,18550.0,5.0
2017-12-20 05:00:00,17876.1953,18460.0,18480.0,18300.0,18300.0,11.0
2017-12-20 06:00:00,17604.625,17800.0,18760.0,17800.0,18760.0,2.0
2017-12-20 07:00:00,16964.3867,17870.0,18190.0,17870.0,18190.0,2.0
2017-12-20 08:00:00,17196.5547,18320.0,18320.0,17610.0,17610.0,2.0
2017-12-20 09:00:00,17589.0605,17000.0,18010.0,16100.0,16640.0,23.0
2017-12-20 10:00:00,16845.5391,17020.0,17020.0,16960.0,16960.0,2.0
2017-12-20 11:00:00,16305.7676,18530.0,18530.0,17650.0,17650.0,2.0
2017-12-20 12:00:00,17189.7031,17880.0,17880.0,17880.0,17880.0,1.0
2017-12-20 13:00:00,16850.2422,17680.0,17680.0,17380.0,17380.0,3.0
2017-12-20 14:00:00,16879.9922,17480.0,17480.0,16880.0,16880.0,5.0
2017-12-20 15:00:00,16461.2363,16690.0,17100.0,16690.0,17100.0,3.0
2017-12-20 16:00:00,16332.3701,17540.0,17540.0,17500.0,17500.0,2.0
2017-12-20 17:00:00,16406.3945,17750.0,17850.0,17750.0,17850.0,2.0
2017-12-20 18:00:00,17019.9648,17950.0,18000.0,17950.0,18000.0,2.0
2017-12-20 19:00:00,16927.1855,17940.0,18150.0,17715.0,18150.0,6.5
2017-12-20 20:00:00,17282.0547,17930.0,18300.0,17480.0,18300.0,11.0
2017-12-20 21:00:00,17365.9023,18280.0,18550.0,18280.0,18380.0,9.0
2017-12-20 22:00:00,17762.9063,17940.0,18120.0,17940.0,18120.0,2.0
2017-12-20 23:00:00,17079.957,18050.0,18050.0,17550.0,17650.0,4.0
2017-12-21 00:00:00,17167.6406,17530.0,17530.0,16810.0,16970.0,11.0
2017-12-21 01:00:00,16449.1309,16750.0,17150.0,16750.0,17150.0,18.0
2017-12-21 02:00:00,16345.5762,17350.0,17375.0,17150.0,17150.0,4.0
2017-12-21 03:00:00,16856.5527,17150.0,17150.0,17150.0,17150.0,3.0
2017-12-21 04:00:00,16809.6523,17150.0,17150.0,17140.0,17140.0,2.0
2017-12-21 05:00:00,16731.7539,17100.0,17100.0,17100.0,17100.0,5.0
2017-12-21 06:00:00,16626.9824,16500.0,16500.0,16500.0,16500.0,1.0
2017-12-21 07:00:00,16210.1279,16780.0,16850.0,16500.0,16810.0,6.0
2017-12-21 08:00:00,16347.6992,16510.0,16635.0,16220.0,16220.0,10.0
2017-12-21 09:00:00,16458.6563,16750.0,16750.0,16750.0,16750.0,1.0
2017-12-21 10:00:00,16668.0664,16890.0,16890.0,16890.0,16890.0,1.0
2017-12-21 11:00:00,16468.0117,16590.0,16600.0,16590.0,16600.0,2.0
2017-12-21 12:00:00,16349.8135,16600.0,17320.0,16600.0,17260.0,8.0
2017-12-21 13:00:00,16919.0703,17470.0,17500.0,17470.0,17500.0,3.0
2017-12-21 14:00:00,16903.5,17200.0,17200.0,17200.0,17200.0,1.0
2017-12-21 15:00:00,16738.9688,17530.0,17530.0,17530.0,17530.0,1.0
2017-12-21 16:00:00,17168.9277,17436.666666666668,17436.666666666668,17350.0,17350.0,2.0
2017-12-21 17:00:00,17027.1094,17343.333333333332,17343.333333333332,17170.0,17170.0,3.0
2017-12-21 18:00:00,16731.4766,17250.0,17250.0,16990.0,16990.0,4.0
2017-12-21 19:00:00,16739.5898,17253.333333333332,17253.333333333332,17053.333333333332,17053.333333333332,4.0
2017-12-21 20:00:00,16563.1445,17256.666666666668,17256.666666666668,17116.666666666668,17116.666666666668,4.0
2017-12-21 21:00:00,16581.6094,17260.0,17260.0,17180.0,17180.0,4.0
2017-12-21 22:00:00,16605.2109,16960.0,16960.0,16700.0,16770.0,12.0
2017-12-21 23:00:00,16163.833,16750.0,16750.0,16150.0,16260.0,22.0
2017-12-22 00:00:00,15921.0449,16110.0,16200.0,15800.0,15990.0,44.0
2017-12-22 01:00:00,15371.0,16020.0,16320.0,15880.0,15900.0,17.0
2017-12-22 02:00:00,15583.5,15680.0,15710.0,15600.0,15710.0,14.0
2017-12-22 03:00:00,15295.5,15850.0,15850.0,15350.0,15710.0,21.0
2017-12-22 04:00:00,15256.5,15540.0,15650.0,15540.0,15620.0,3.0
2017-12-22 05:00:00,15376.5,15700.0,17100.0,15630.0,15630.0,8.0
2017-12-22 06:00:00,15149.5,16660.0,16660.0,16660.0,16660.0,2.0
2017-12-22 07:00:00,15389.1992,16375.0,16375.0,16375.0,16375.0,1.5
2017-12-22 08:00:00,15423.5,16090.0,16090.0,16090.0,16090.0,1.0
2017-12-22 09:00:00,15708.8975,15720.0,15860.0,15000.0,15000.0,11.0
2017-12-22 10:00:00,14986.2744,15000.0,15000.0,14750.0,14750.0,3.0
2017-12-22 11:00:00,14337.5,14000.0,14500.0,13800.0,14500.0,6.0
2017-12-22 12:00:00,13921.2744,14190.0,14840.0,13800.0,14720.0,11.0
2017-12-22 13:00:00,13993.25,14780.0,15240.0,14640.0,14900.0,10.0
2017-12-22 14:00:00,14375.3496,14630.0,14630.0,14630.0,14630.0,1.0
2017-12-22 15:00:00,13741.124,14380.0,14380.0,13000.0,13840.0,25.0
2017-12-22 16:00:00,13183.1738,13590.0,14280.0,13490.0,13740.0,39.0
2017-12-22 17:00:00,12856.4238,14060.0,14380.0,13900.0,14380.0,12.0
2017-12-22 18:00:00,13156.0488,14130.0,14530.0,14130.0,14530.0,4.0
2017-12-22 19:00:00,13765.8984,14650.0,14650.0,14330.0,14330.0,2.0
2017-12-22 20:00:00,14194.0996,14290.0,14290.0,14290.0,14290.0,1.0
2017-12-22 21:00:00,13783.665,14430.0,14470.0,12940.0,12940.0,14.0
2017-12-22 22:00:00,13607.0693,13240.0,13450.0,11780.0,12250.0,40.0
2017-12-22 23:00:00,11942.5557,12250.0,13040.0,11600.0,13040.0,50.0
2017-12-23 00:00:00,12029.5,12900.0,13500.0,12560.0,12570.0,21.0
2017-12-23 01:00:00,13071.2139,12770.0,13490.0,12770.0,13450.0,24.0
2017-12-23 02:00:00,12745.6484,13380.0,13380.0,12890.0,13250.0,16.0
2017-12-23 03:00:00,12832.21,13440.0,13720.0,13360.0,13460.0,14.0
2017-12-23 04:00:00,13460.7949,13400.0,13820.0,13060.0,13820.0,16.0
2017-12-23 05:00:00,13292.5293,14000.0,14400.0,14000.0,14330.0,13.0
2017-12-23 06:00:00,14327.6992,13991.666666666666,14378.333333333334,13991.666666666666,14310.666666666666,12.600000000000001
2017-12-25 03:00:00,13082.833,13983.333333333334,14356.666666666666,13983.333333333334,14291.333333333334,12.200000000000001
2017-12-25 04:00:00,12950.0205,13975.0,14335.0,13975.0,14272.0,11.8
2017-12-25 05:00:00,12788.5645,13966.666666666666,14313.333333333334,13966.666666666666,14252.666666666666,11.4
2017-12-25 06:00:00,13379.8672,13958.333333333334,14291.666666666666,13958.333333333334,14233.333333333334,11.0
2017-12-25 07:00:00,13147.9902,13950.0,14270.0,13950.0,14214.0,10.600000000000001
2017-12-25 08:00:00,13692.5391,13941.666666666666,14248.333333333334,13941.666666666666,14194.666666666666,10.200000000000001
2017-12-25 09:00:00,14083.0049,13933.333333333334,14226.666666666666,13933.333333333334,14175.333333333334,9.8
2017-12-25 10:00:00,13941.2852,13925.0,14205.0,13925.0,14156.0,9.4
2017-12-25 11:00:00,13920.3105,13916.666666666666,14183.333333333334,13916.666666666666,14136.666666666666,9.0
2017-12-25 12:00:00,13510.0898,13908.333333333334,14161.666666666666,13908.333333333334,14117.333333333334,8.600000000000001
2017-12-25 13:00:00,13436.8965,13900.0,14140.0,13900.0,14098.0,8.2
2017-12-25 14:00:00,13861.625,13891.666666666666,14118.333333333334,13891.666666666666,14078.666666666666,7.800000000000001
2017-12-25 15:00:00,13865.2451,13883.333333333334,14096.666666666666,13883.333333333334,14059.333333333334,7.4
2017-12-25 16:00:00,13825.5254,13875.0,14075.0,13875.0,14040.0,7.0
2017-12-25 17:00:00,13981.4893,13866.666666666666,14053.333333333334,13866.666666666666,14020.666666666666,6.6000000000000005
2017-12-25 18:00:00,14200.873,13858.333333333334,14031.666666666666,13858.333333333334,14001.333333333334,6.2
2017-12-25 19:00:00,13951.1592,13850.0,14010.0,13850.0,13982.0,5.800000000000001
2017-12-25 20:00:00,14023.1201,13841.666666666666,13988.333333333334,13841.666666666666,13962.666666666666,5.4
2017-12-25 21:00:00,14238.0742,13833.333333333334,13966.666666666666,13833.333333333334,13943.333333333334,5.0
2017-12-25 22:00:00,14461.2754,13825.0,13945.0,13825.0,13924.0,4.6
2017-12-25 23:00:00,13931.292,13816.666666666666,13923.333333333334,13816.666666666666,13904.666666666666,4.2
2017-12-26 00:00:00,13648.7354,13808.333333333334,13901.666666666666,13808.333333333334,13885.333333333334,3.8000000000000003
2017-12-26 01:00:00,13894.0898,13800.0,13880.0,13800.0,13866.0,3.4000000000000004
2017-12-26 02:00:00,14029.4668,13791.666666666666,13858.333333333334,13791.666666666666,13846.666666666666,3.0
2017-12-26 03:00:00,13850.8525,13783.333333333334,13836.666666666666,13783.333333333334,13827.333333333334,2.6
2017-12-26 04:00:00,14114.5957,13775.0,13815.0,13775.0,13808.0,2.2
2017-12-26 05:00:00,14128.1748,13766.666666666666,13793.333333333334,13766.666666666666,13788.666666666666,1.8
2017-12-26 06:00:00,13783.1504,13758.333333333334,13771.666666666666,13758.333333333334,13769.333333333334,1.4
2017-12-26 07:00:00,13769.3604,13750.0,13750.0,13750.0,13750.0,1.0
2017-12-26 08:00:00,13860.5254,14150.0,14200.0,14150.0,14200.0,2.0
2017-12-26 09:00:00,13953.0469,14100.0,14305.0,14100.0,14305.0,3.5
2017-12-26 10:00:00,14012.0098,14050.0,14410.0,14050.0,14410.0,5.0
2017-12-26 11:00:00,14009.3848,14450.0,14812.0,14450.0,14812.0,6.0
2017-12-26 12:00:00,14022.125,14850.0,15214.0,14850.0,15214.0,7.0
2017-12-26 13:00:00,14736.8369,15180.0,15500.0,15180.0,15500.0,5.0
2017-12-26 14:00:00,15028.1309,15300.0,15300.0,15241.0,15241.0,2.0
2017-12-26 15:00:00,15301.8496,15300.0,15517.0,15300.0,15517.0,3.0
2017-12-26 16:00:00,15481.1055,15390.0,15390.0,15390.0,15390.0,1.0
2017-12-26 17:00:00,15412.2715,15345.0,15490.0,15345.0,15490.0,2.0
2017-12-26 18:00:00,15059.9229,15300.0,15590.0,15300.0,15590.0,3.0
2017-12-26 19:00:00,15332.0977,15540.0,15540.0,15500.0,15500.0,6.0
2017-12-26 20:00:00,15224.75,15400.0,15440.0,15400.0,15400.0,4.0
2017-12-26 21:00:00,15131.5977,15480.0,15710.0,15480.0,15550.0,5.0
2017-12-26 22:00:00,15292.6484,15580.0,15850.0,15570.0,15800.0,6.0
2017-12-26 23:00:00,15332.8496,15860.0,16050.0,15800.0,16050.0,44.0
2017-12-27 00:00:00,15780.9453,16000.0,16250.0,16000.0,16250.0,9.0
2017-12-27 01:00:00,15819.9961,16230.0,16280.0,16060.0,16220.0,16.0
2017-12-27 02:00:00,16114.4902,15990.0,16120.0,15740.0,15820.0,31.0
2017-12-27 03:00:00,15709.9863,15910.0,16110.0,15900.0,16110.0,4.0
2017-12-27 04:00:00,15709.9961,16180.0,16220.0,16150.0,16150.0,4.0
2017-12-27 05:00:00,15898.9961,16250.0,16250.0,15980.0,16050.0,4.0
2017-12-27 06:00:00,15879.9961,16060.0,16060.0,16030.0,16030.0,2.0
2017-12-27 07:00:00,15919.9961,15850.0,15850.0,15790.0,15790.0,2.0
2017-12-27 08:00:00,15780.0059,15870.0,15870.0,15870.0,15870.0,1.0
2017-12-27 09:00:00,15793.3555,16300.0,16300.0,16300.0,16300.0,1.0
2017-12-27 10:00:00,15802.1025,16300.0,16311.0,16210.0,16210.0,5.0
2017-12-27 11:00:00,15935.0059,16175.0,16430.5,16130.0,16380.0,4.5
2017-12-27 12:00:00,15869.7568,16050.0,16550.0,16050.0,16550.0,4.0
2017-12-27 13:00:00,15878.2656,16730.0,16730.0,16630.0,16670.0,3.0
2017-12-27 14:00:00,16383.8848,16665.0,16665.0,16565.0,16585.0,2.5
2017-12-27 15:00:00,16406.8223,16600.0,16600.0,16500.0,16500.0,2.0
2017-12-27 16:00:00,16399.9961,16500.0,16570.0,16400.0,16570.0,11.0
2017-12-27 17:00:00,16247.5488,16490.0,16490.0,16310.0,16310.0,2.0
2017-12-27 18:00:00,16136.9961,16100.0,16160.0,15710.0,15730.0,6.0
2017-12-27 19:00:00,15870.9561,15950.0,15970.0,15950.0,15970.0,2.0
2017-12-27 20:00:00,15646.3496,16075.0,16085.0,16075.0,16085.0,1.5
2017-12-27 21:00:00,15744.9063,16200.0,16200.0,16200.0,16200.0,1.0
2017-12-27 22:00:00,15970.9863,15950.0,16060.0,15950.0,16060.0,17.0
2017-12-27 23:00:00,15864.4268,15950.0,15950.0,15450.0,15480.0,6.0
2017-12-28 00:00:00,15370.8672,15560.0,15560.0,15520.0,15520.0,12.0
2017-12-28 01:00:00,15377.2822,15430.0,15430.0,14770.0,15040.0,47.0
2017-12-28 02:00:00,14793.0459,15160.0,15300.0,15120.0,15300.0,8.0
2017-12-28 03:00:00,14918.3262,15140.0,15390.0,15140.0,15390.0,14.0
2017-12-28 04:00:00,15011.7412,15130.0,15210.0,15000.0,15000.0,6.0
2017-12-28 05:00:00,14839.9961,14790.0,15160.0,14790.0,15160.0,21.0
2017-12-28 06:00:00,14788.8203,15370.0,15380.0,15370.0,15380.0,4.0
2017-12-28 07:00:00,15189.3945,15500.0,15500.0,15480.0,15480.0,4.0
2017-12-28 08:00:00,15300.3906,15550.0,15550.0,15460.0,15460.0,2.0
2017-12-28 09:00:00,15393.7266,15400.0,15400.0,15200.0,15390.0,5.0
2017-12-28 10:00:00,15210.9707,15300.0,15340.0,15150.0,15150.0,14.0
2017-12-28 11:00:00,15442.541000000001,15050.0,15050.0,14100.0,14480.0,15.0
2017-12-28 12:00:00,14398.9727,14000.0,14650.0,14000.0,14650.0,4.0
2017-12-28 13:00:00,14453.6943,14700.0,14700.0,14700.0,14700.0,1.0
2017-12-28 14:00:00,14487.6367,14000.0,14100.0,13810.0,14100.0,3.0
2017-12-28 15:00:00,13879.6973,14170.0,14170.0,14170.0,14170.0,1.0
2017-12-28 16:00:00,14038.5674,14160.0,14160.0,14160.0,14160.0,1.0
2017-12-28 17:00:00,14260.5381,14150.0,14150.0,14150.0,14150.0,1.0
2017-12-28 18:00:00,14285.7354,14490.0,14600.0,14450.0,14450.0,11.0
2017-12-28 19:00:00,14455.2227,14160.0,14160.0,13850.0,13850.0,4.0
2017-12-28 20:00:00,13880.1797,14050.0,14050.0,14050.0,14050.0,1.0
2017-12-28 21:00:00,14111.1377,14090.0,14420.0,14090.0,14420.0,4.0
2017-12-28 22:00:00,14249.7217,14350.0,14350.0,14030.0,14270.0,9.0
2017-12-28 23:00:00,14278.9551,14390.0,14490.0,14390.0,14490.0,18.0
2017-12-29 00:00:00,14350.0156,14450.0,14450.0,14340.0,14440.0,9.0
2017-12-29 01:00:00,14287.125,14170.0,14220.0,14000.0,14070.0,12.0
2017-12-29 02:00:00,13993.8779,14060.0,14060.0,14060.0,14060.0,1.0
2017-12-29 03:00:00,14096.5684,13850.0,14000.0,13600.0,14000.0,15.0
2017-12-29 04:00:00,13571.7979,14060.0,14060.0,14060.0,14060.0,1.0
2017-12-29 05:00:00,13926.0547,14060.0,14060.0,14050.0,14050.0,2.0
2017-12-29 06:00:00,13919.8203,14165.0,14165.0,14125.0,14125.0,2.0
2017-12-29 07:00:00,13940.2686,14270.0,14270.0,14200.0,14200.0,2.0
2017-12-29 08:00:00,14101.0029,14450.0,14450.0,14450.0,14450.0,1.0
2017-12-29 09:00:00,14462.1152,14625.0,14665.0,14625.0,14665.0,2.0
2017-12-29 10:00:00,14348.0283,14800.0,14880.0,14800.0,14880.0,3.0
2017-12-29 11:00:00,14390.6553,15000.0,15100.0,14990.0,15050.0,4.0
2017-12-29 12:00:00,14978.6084,14960.0,14960.0,14960.0,14960.0,4.0
2017-12-29 13:00:00,14862.7754,14900.0,14900.0,14900.0,14900.0,1.0
2017-12-29 14:00:00,14802.4922,15100.0,15270.0,15100.0,15270.0,2.0
2017-12-29 15:00:00,14918.3027,15020.0,15020.0,14750.0,14750.0,7.0
2017-12-29 16:00:00,14902.4277,14830.0,14830.0,14830.0,14830.0,1.0
2017-12-29 17:00:00,14577.1309,14820.0,14990.0,14380.0,14380.0,37.0
2017-12-29 18:00:00,14519.6055,14457.0,14478.0,14400.0,14460.0,5.0
2017-12-29 19:00:00,14183.2305,14200.0,14200.0,14140.0,14140.0,2.0
2017-12-29 20:00:00,14014.3809,14390.0,14390.0,14390.0,14390.0,1.0
2017-12-29 21:00:00,14338.2656,14270.0,14520.0,14270.0,14520.0,13.5
2017-12-29 22:00:00,14226.8145,14150.0,14650.0,14150.0,14650.0,26.0
2017-12-29 23:00:00,14274.4707,14600.0,14660.0,14580.0,14600.0,17.0
2017-12-30 00:00:00,14501.8906,14750.0,14860.0,14720.0,14860.0,18.0
2017-12-30 01:00:00,14528.6182,15000.0,15070.0,14980.0,15070.0,13.0
2017-12-30 02:00:00,14709.7979,15070.0,15070.0,14810.0,14840.0,15.0
2017-12-30 03:00:00,14608.7803,14840.0,14900.0,14770.0,14770.0,16.0
2017-12-30 04:00:00,14537.6289,14830.0,14930.0,14800.0,14800.0,32.0
2017-12-30 05:00:00,14647.9873,14720.0,14720.0,14610.0,14630.0,9.0
2017-12-30 06:00:00,14379.5391,14689.1,14696.0,14580.5,14599.833333333334,8.966666666666667
2018-01-01 03:00:00,13982.498,14658.2,14672.0,14551.0,14569.666666666666,8.933333333333334
2018-01-01 04:00:00,13877.6426,14627.3,14648.0,14521.5,14539.5,8.9
2018-01-01 05:00:00,13968.4775,14596.4,14624.0,14492.0,14509.333333333334,8.866666666666667
2018-01-01 06:00:00,14159.2773,14565.5,14600.0,14462.5,14479.166666666666,8.833333333333334
2018-01-01 07:00:00,14043.7383,14534.6,14576.0,14433.0,14449.0,8.8
2018-01-01 08:00:00,13924.916000000001,14503.7,14552.0,14403.5,14418.833333333334,8.766666666666666
2018-01-01 09:00:00,13851.165,14472.8,14528.0,14374.0,14388.666666666666,8.733333333333333
2018-01-01 10:00:00,13595.4385,14441.9,14504.0,14344.5,14358.5,8.7
2018-01-01 11:00:00,13338.7529,14411.0,14480.0,14315.0,14328.333333333334,8.666666666666666
2018-01-01 12:00:00,13415.2832,14380.1,14456.0,14285.5,14298.166666666666,8.633333333333333
2018-01-01 13:00:00,13452.5059,14349.2,14432.0,14256.0,14268.0,8.6
2018-01-01 14:00:00,13603.9932,14318.3,14408.0,14226.5,14237.833333333334,8.566666666666666
2018-01-01 15:00:00,13587.5029,14287.4,14384.0,14197.0,14207.666666666666,8.533333333333333
2018-01-01 16:00:00,13833.2051,14256.5,14360.0,14167.5,14177.5,8.5
2018-01-01 17:00:00,13623.8105,14225.6,14336.0,14138.0,14147.333333333334,8.466666666666667
2018-01-01 18:00:00,13550.1377,14194.7,14312.0,14108.5,14117.166666666666,8.433333333333334
2018-01-01 19:00:00,13609.8457,14163.8,14288.0,14079.0,14087.0,8.4
2018-01-01 20:00:00,13574.4043,14132.9,14264.0,14049.5,14056.833333333334,8.366666666666667
2018-01-01 21:00:00,13280.0723,14102.0,14240.0,14020.0,14026.666666666666,8.333333333333334
2018-01-01 22:00:00,13234.4453,14071.1,14216.0,13990.5,13996.5,8.3
2018-01-01 23:00:00,13115.9453,14040.2,14192.0,13961.0,13966.333333333334,8.266666666666667
2018-01-02 00:00:00,13349.792,14009.3,14168.0,13931.5,13936.166666666666,8.233333333333333
2018-01-02 01:00:00,13250.3652,13978.4,14144.0,13902.0,13906.0,8.2
2018-01-02 02:00:00,13093.0957,13947.5,14120.0,13872.5,13875.833333333334,8.166666666666666
2018-01-02 03:00:00,13138.1152,13916.6,14096.0,13843.0,13845.666666666666,8.133333333333333
2018-01-02 04:00:00,13189.9746,13885.7,14072.0,13813.5,13815.5,8.1
2018-01-02 05:00:00,13345.4648,13854.8,14048.0,13784.0,13785.333333333334,8.066666666666666
2018-01-02 06:00:00,13469.0059,13823.9,14024.0,13754.5,13755.166666666666,8.033333333333333
2018-01-02 07:00:00,13618.5146,13793.0,14000.0,13725.0,13725.0,8.0
2018-01-02 08:00:00,13503.4482,13680.0,13960.0,13553.0,13960.0,30.0
2018-01-02 09:00:00,13480.0059,14070.0,14070.0,14070.0,14070.0,1.0
2018-01-02 10:00:00,13834.8203,13940.0,13940.0,13880.0,13880.0,2.0
2018-01-02 11:00:00,13659.5195,13700.0,13700.0,13520.0,13520.0,2.0
2018-01-02 12:00:00,13541.0391,13640.0,13640.0,13350.0,13350.0,9.0
2018-01-02 13:00:00,13357.4893,13470.0,13470.0,13325.0,13325.0,5.0
2018-01-02 14:00:00,13167.0674,13300.0,13300.0,13300.0,13300.0,1.0
2018-01-02 15:00:00,13221.9473,13480.0,13480.0,13480.0,13480.0,2.5
2018-01-02 16:00:00,13446.3789,13660.0,13660.0,13660.0,13660.0,4.0
2018-01-02 17:00:00,13506.7227,13710.0,13710.0,13690.0,13690.0,3.0
2018-01-02 18:00:00,13564.0332,13810.0,13830.0,13810.0,13830.0,2.0
2018-01-02 19:00:00,13634.1465,13950.0,13950.0,13850.0,13850.0,4.0
2018-01-02 20:00:00,13740.5801,13790.0,13790.0,13780.0,13780.0,2.0
2018-01-02 21:00:00,13641.332,14000.0,14000.0,14000.0,14000.0,1.0
2018-01-02 22:00:00,13629.9316,14100.0,14140.0,14100.0,14100.0,17.0
2018-01-02 23:00:00,13967.6465,14100.0,14100.0,13920.0,13924.0,26.0
2018-01-03 00:00:00,13867.3682,13830.0,14000.0,13810.0,14000.0,18.0
2018-01-03 01:00:00,13742.9229,13960.0,14000.0,13830.0,13910.0,15.0
2018-01-03 02:00:00,13695.1904,14060.0,14600.0,14040.0,14600.0,26.0
2018-01-03 03:00:00,13902.6309,14780.0,15250.0,14780.0,15190.0,33.0
2018-01-03 04:00:00,14623.5,15060.0,15330.0,15000.0,15330.0,9.0
2018-01-03 05:00:00,14840.8906,15160.0,15250.0,15050.0,15050.0,8.0
2018-01-03 06:00:00,14840.168,15080.0,15090.0,15080.0,15090.0,2.0
2018-01-03 07:00:00,14789.6074,15050.0,15100.0,14910.0,14940.0,5.0
2018-01-03 08:00:00,14858.8301,14950.0,14950.0,14950.0,14950.0,1.0
2018-01-03 09:00:00,14724.2402,15010.0,15050.0,15000.0,15040.0,4.0
2018-01-03 10:00:00,14849.7754,15050.0,15050.0,15050.0,15050.0,1.0
2018-01-03 11:00:00,14821.2754,15050.0,15450.0,15050.0,15313.0,7.0
2018-01-03 12:00:00,15047.5,15230.0,15230.0,15170.0,15170.0,4.0
2018-01-03 13:00:00,14886.3301,15320.0,15320.0,15210.0,15235.0,5.0
2018-01-03 14:00:00,15097.0947,15410.0,15410.0,15250.0,15300.0,6.0
2018-01-03 15:00:00,15073.8555,15470.0,15600.0,15450.0,15600.0,6.0
2018-01-03 16:00:00,15387.5,15600.0,15600.0,15360.0,15360.0,12.0
2018-01-03 17:00:00,15283.0,15360.0,15370.0,15300.0,15300.0,9.0
2018-01-03 18:00:00,15110.4473,15000.0,15000.0,15000.0,15000.0,2.0
2018-01-03 19:00:00,14831.9961,14966.666666666666,14966.666666666666,14966.666666666666,14966.666666666666,1.6666666666666665
2018-01-03 20:00:00,14700.0352,14933.333333333334,14933.333333333334,14933.333333333334,14933.333333333334,1.3333333333333333
2018-01-03 21:00:00,14893.4902,14900.0,14900.0,14900.0,14900.0,1.0
2018-01-03 22:00:00,14613.7969,15050.0,15050.0,15050.0,15050.0,1.0
2018-01-03 23:00:00,14958.7256,15260.0,15260.0,15260.0,15260.0,1.0
2018-01-04 00:00:00,14893.7705,15250.0,15360.0,15250.0,15360.0,7.0
2018-01-04 01:00:00,15090.9854,15260.0,15290.0,15250.0,15290.0,8.0
2018-01-04 02:00:00,15110.2959,15260.0,15260.0,15000.0,15000.0,9.0
2018-01-04 03:00:00,14928.5986,14960.0,15060.0,14960.0,15060.0,7.0
2018-01-04 04:00:00,14783.3896,14950.0,14980.0,14950.0,14960.0,3.0
2018-01-04 05:00:00,14772.4277,14990.0,15120.0,14990.0,15090.0,12.0
2018-01-04 06:00:00,14979.2773,15160.0,15160.0,15160.0,15160.0,1.0
2018-01-04 07:00:00,15061.2676,15180.0,15200.0,15020.0,15020.0,4.0
2018-01-04 08:00:00,14858.0381,15260.0,15300.0,15260.0,15290.0,3.0
2018-01-04 09:00:00,15147.5029,15200.0,15200.0,15200.0,15200.0,1.0
2018-01-04 10:00:00,15112.583999999999,15350.0,15500.0,15270.0,15500.0,4.0
2018-01-04 11:00:00,15362.3232,15460.0,15460.0,15460.0,15460.0,1.0
2018-01-04 12:00:00,15263.3877,15265.0,15265.0,15230.0,15230.0,2.0
2018-01-04 13:00:00,15123.4629,15070.0,15070.0,15000.0,15000.0,3.0
2018-01-04 14:00:00,14974.4531,15110.0,15210.0,15110.0,15210.0,3.0
2018-01-04 15:00:00,14955.0205,15130.0,15260.0,15000.0,15000.0,5.0
2018-01-04 16:00:00,14944.4131,14980.0,14980.0,14700.0,14700.0,6.0
2018-01-04 17:00:00,14881.0459,14600.0,14700.0,14400.0,14490.0,33.0
2018-01-04 18:00:00,14362.7559,14620.0,14650.0,14610.0,14650.0,3.0
2018-01-04 19:00:00,14530.2998,14710.0,14730.0,14570.0,14570.0,8.0
2018-01-04 20:00:00,14497.4883,14670.0,14670.0,14570.0,14570.0,3.0
2018-01-04 21:00:00,14594.6953,14590.0,14660.0,14490.0,14660.0,36.0
2018-01-04 22:00:00,14459.3281,14710.0,14710.0,14710.0,14710.0,4.0
2018-01-04 23:00:00,14598.8027,14670.0,14840.0,14660.0,14660.0,6.0
2018-01-05 00:00:00,14651.2461,14680.0,14760.0,14610.0,14640.0,19.0
2018-01-05 01:00:00,14600.8428,14680.0,14920.0,14680.0,14920.0,14.0
2018-01-05 02:00:00,14598.9082,14910.0,15000.0,14800.0,14990.0,18.0
2018-01-05 03:00:00,14719.7354,14930.0,14930.0,14870.0,14930.0,7.0
2018-01-05 04:00:00,14797.4355,15130.0,15186.0,15040.0,15186.0,15.0
2018-01-05 05:00:00,14990.168,15160.0,15207.333333333334,15100.0,15207.333333333334,10.666666666666666
2018-01-05 06:00:00,14887.8457,15190.0,15228.666666666666,15160.0,15228.666666666666,6.333333333333333
2018-01-05 07:00:00,14946.3496,15220.0,15250.0,15220.0,15250.0,2.0
2018-01-05 08:00:00,15041.498,15110.0,15110.0,15100.0,15100.0,3.0
2018-01-05 09:00:00,15172.2627,15195.0,15255.0,15190.0,15240.0,11.5
2018-01-05 10:00:00,15060.5361,15280.0,15400.0,15280.0,15380.0,20.0
2018-01-05 11:00:00,15073.5527,15300.0,15300.0,15300.0,15300.0,1.0
2018-01-05 12:00:00,15119.0156,15020.0,15020.0,15020.0,15020.0,1.0
2018-01-05 13:00:00,14962.0254,15000.0,15000.0,15000.0,15000.0,1.0
2018-01-05 14:00:00,14949.6973,15005.0,15024.5,15000.0,15024.5,2.5
2018-01-05 15:00:00,15046.1455,15010.0,15049.0,15000.0,15049.0,4.0
2018-01-05 16:00:00,14963.5078,15250.0,15300.0,15250.0,15300.0,2.0
2018-01-05 17:00:00,14950.3359,15500.0,16040.0,15500.0,15980.0,21.0
2018-01-05 18:00:00,15452.5479,16130.0,16130.0,16020.0,16080.0,3.0
2018-01-05 19:00:00,15848.5381,16130.0,16320.0,16000.0,16210.0,30.0
2018-01-05 20:00:00,16046.0703,16250.0,16300.0,16220.0,16220.0,16.0
2018-01-05 21:00:00,16097.3496,16010.0,16050.0,16000.0,16050.0,11.0
2018-01-05 22:00:00,15878.7354,16100.0,16170.0,16090.0,16130.0,9.0
2018-01-05 23:00:00,16008.0996,16250.0,16320.0,16150.0,16150.0,9.0
2018-01-06 00:00:00,16060.248,16150.0,16500.0,16120.0,16500.0,23.0
2018-01-06 01:00:00,16047.4961,16440.0,16540.0,16440.0,16540.0,2.0
2018-01-06 02:00:00,16304.2324,16570.0,16700.0,16510.0,16660.0,20.0
2018-01-06 03:00:00,16393.3984,16530.0,16530.0,16450.0,16483.0,9.0
2018-01-06 04:00:00,16422.8652,16500.0,16580.0,16500.0,16550.0,17.0
2018-01-06 05:00:00,16457.9336,16570.0,16800.0,16500.0,16760.0,9.0
2018-01-06 06:00:00,16588.3594,16591.666666666668,16783.333333333332,16500.0,16716.666666666668,7.833333333333334
2018-01-08 03:00:00,15890.0762,16613.333333333332,16766.666666666668,16500.0,16673.333333333332,6.666666666666667
2018-01-08 04:00:00,16097.8457,16635.0,16750.0,16500.0,16630.0,5.5
2018-01-08 05:00:00,16121.7207,16656.666666666668,16733.333333333332,16500.0,16586.666666666668,4.333333333333334
2018-01-08 06:00:00,16157.3271,16678.333333333332,16716.666666666668,16500.0,16543.333333333332,3.166666666666667
2018-01-08 07:00:00,16200.002,16700.0,16700.0,16500.0,16500.0,2.0
2018-01-08 08:00:00,16412.6016,16410.0,16450.0,16211.0,16390.0,6.0
2018-01-08 09:00:00,16174.8359,16350.0,16350.0,16000.0,16040.0,4.0
2018-01-08 10:00:00,15946.6201,16120.0,16180.0,16120.0,16180.0,3.0
2018-01-08 11:00:00,15906.1807,15900.0,15900.0,15840.0,15870.0,3.0
2018-01-08 12:00:00,15917.9727,15850.0,15980.0,15750.0,15940.0,8.0
2018-01-08 13:00:00,15636.3613,15970.0,16000.0,15970.0,16000.0,2.0
2018-01-08 14:00:00,15650.5,16040.0,16040.0,16040.0,16040.0,1.0
2018-01-08 15:00:00,15853.2031,16010.0,16010.0,16000.0,16000.0,2.0
2018-01-08 16:00:00,15815.7686,15880.0,15880.0,15820.0,15825.0,48.0
2018-01-08 17:00:00,15890.4199,15750.0,15750.0,15640.0,15650.0,94.0
2018-01-08 18:00:00,15495.1406,15670.0,15670.0,15500.0,15590.0,6.0
2018-01-08 19:00:00,15199.4912,15510.0,15510.0,15510.0,15510.0,1.0
2018-01-08 20:00:00,15353.1299,15640.0,15694.0,15550.0,15550.0,5.0
2018-01-08 21:00:00,15496.9326,15500.0,15600.0,15060.0,15060.0,10.0
2018-01-08 22:00:00,15403.4756,15030.0,15050.0,14830.0,15050.0,30.0
2018-01-08 23:00:00,14842.1699,15000.0,15050.0,14040.0,14680.0,91.0
2018-01-09 00:00:00,14404.376,14750.0,14980.0,14550.0,14890.0,34.0
2018-01-09 01:00:00,14566.7588,14850.0,15090.0,14850.0,15000.0,27.0
2018-01-09 02:00:00,14866.4824,14770.0,15150.0,14750.0,15150.0,14.0
2018-01-09 03:00:00,14786.877,15170.0,15170.0,15060.0,15150.0,11.0
2018-01-09 04:00:00,14983.9277,15160.0,15250.0,14750.0,14750.0,15.0
2018-01-09 05:00:00,15105.9541,14950.0,15010.0,14940.0,15010.0,11.0
2018-01-09 06:00:00,14978.165,15100.0,15100.0,15100.0,15100.0,1.0
2018-01-09 07:00:00,14935.6934,14750.0,14880.0,14680.0,14880.0,5.0
2018-01-09 08:00:00,14713.1025,14880.0,15100.0,14880.0,15100.0,4.0
2018-01-09 09:00:00,14992.8711,15200.0,15250.0,15200.0,15250.0,2.0
2018-01-09 10:00:00,15237.2178,15268.0,15268.0,15268.0,15268.0,1.0
2018-01-09 11:00:00,15273.2832,15284.0,15284.0,15284.0,15284.0,1.5
2018-01-09 12:00:00,15239.6709,15300.0,15300.0,15300.0,15300.0,2.0
2018-01-09 13:00:00,15257.9902,15450.0,15480.0,15410.0,15410.0,3.0
2018-01-09 14:00:00,15367.9736,15225.0,15310.0,15205.0,15260.0,3.0
2018-01-09 15:00:00,15031.75,15000.0,15140.0,15000.0,15110.0,3.0
2018-01-09 16:00:00,14974.6348,15250.0,15250.0,15250.0,15250.0,1.0
2018-01-09 17:00:00,15146.0566,15125.0,15125.0,15125.0,15125.0,1.5
2018-01-09 18:00:00,15171.0215,15000.0,15000.0,15000.0,15000.0,2.0
2018-01-09 19:00:00,14850.5,14750.0,14750.0,14610.0,14700.0,3.0
2018-01-09 20:00:00,14596.5,15000.0,15000.0,14970.0,14970.0,2.0
2018-01-09 21:00:00,14778.4316,14500.0,14540.0,14460.0,14540.0,3.0
2018-01-09 22:00:00,14738.0,14380.0,14560.0,14380.0,14450.0,14.0
2018-01-09 23:00:00,14170.0566,14550.0,14820.0,14550.0,14810.0,26.0
2018-01-10 00:00:00,14565.3281,14750.0,14850.0,14700.0,14850.0,23.0
2018-01-10 01:00:00,14695.3984,14920.0,15030.0,14920.0,15030.0,19.0
2018-01-10 02:00:00,14956.248,15020.0,15020.0,15020.0,15020.0,1.0
2018-01-10 03:00:00,14967.2695,15020.0,15020.0,14910.0,14930.0,6.0
2018-01-10 04:00:00,14811.6406,14870.0,14870.0,14780.0,14780.0,4.0
2018-01-10 05:00:00,14733.0957,14880.0,14880.0,14860.0,14870.0,8.0
2018-01-10 06:00:00,14781.8203,14750.0,14750.0,14750.0,14750.0,1.0
2018-01-10 07:00:00,14554.0693,14540.0,14540.0,14500.0,14500.0,3.0
2018-01-10 08:00:00,14416.3711,14490.0,14490.0,14000.0,14000.0,6.0
2018-01-10 09:00:00,14462.8955,14380.0,14380.0,14380.0,14380.0,1.0
2018-01-10 10:00:00,14096.5215,14270.0,14270.0,14260.0,14260.0,3.0
2018-01-10 11:00:00,14178.167,14340.0,14340.0,14340.0,14340.0,2.0
2018-01-10 12:00:00,14273.0947,14170.0,14170.0,14170.0,14170.0,1.0
2018-01-10 13:00:00,14129.7266,14350.0,14350.0,14350.0,14350.0,2.0
2018-01-10 14:00:00,14366.4863,14300.0,14300.0,14300.0,14300.0,1.0
2018-01-10 15:00:00,14176.835,14305.0,14305.0,13975.0,14040.0,9.5
2018-01-10 16:00:00,14252.5205,14310.0,14310.0,13650.0,13780.0,18.0
2018-01-10 17:00:00,14119.9824,13750.0,13830.0,13640.0,13750.0,6.0
2018-01-10 18:00:00,13524.6426,13960.0,14020.0,13900.0,13910.0,34.0
2018-01-10 19:00:00,13882.7051,13900.0,13900.0,13900.0,13900.0,1.0
2018-01-10 20:00:00,13901.96,14180.0,14250.0,14120.0,14250.0,5.0
2018-01-10 21:00:00,14107.3867,14070.0,14070.0,14000.0,14000.0,3.0
2018-01-10 22:00:00,13904.5186,13850.0,13850.0,13850.0,13850.0,1.0
2018-01-10 23:00:00,13867.0703,13850.0,14290.0,13750.0,14290.0,18.0
2018-01-11 00:00:00,13793.9707,14240.0,14800.0,14240.0,14800.0,11.0
2018-01-11 01:00:00,14399.8105,14580.0,14600.0,14500.0,14580.0,11.0
2018-01-11 02:00:00,14516.4902,14610.0,14750.0,14610.0,14750.0,2.0
2018-01-11 03:00:00,14552.0381,14580.0,14650.0,14500.0,14500.0,5.0
2018-01-11 04:00:00,14522.2148,14560.0,14610.0,14520.0,14535.0,3.5
2018-01-11 05:00:00,14349.0059,14540.0,14570.0,14540.0,14570.0,2.0
2018-01-11 06:00:00,14449.6328,14600.0,14640.0,14600.0,14640.0,2.0
2018-01-11 07:00:00,14495.4746,14620.0,14620.0,14620.0,14620.0,9.0
2018-01-11 08:00:00,14492.4932,14750.0,15000.0,14750.0,15000.0,6.0
2018-01-11 09:00:00,14894.5498,14750.0,14750.0,14700.0,14700.0,2.0
2018-01-11 10:00:00,14662.1445,14700.0,14700.0,14700.0,14700.0,1.0
2018-01-11 11:00:00,14503.7451,14500.0,14500.0,13730.0,13730.0,15.0
2018-01-11 12:00:00,14256.248,13940.0,13940.0,12830.0,13200.0,50.0
2018-01-11 13:00:00,13269.6914,13280.0,13540.0,13040.0,13500.0,19.0
2018-01-11 14:00:00,13308.6299,13460.0,13500.0,13200.0,13200.0,9.0
2018-01-11 15:00:00,13124.4297,13410.0,13750.0,13410.0,13750.0,3.0
2018-01-11 16:00:00,13390.0059,13890.0,13890.0,13890.0,13890.0,1.0
2018-01-11 17:00:00,13614.8262,13910.0,13910.0,13910.0,13910.0,2.0
2018-01-11 18:00:00,13738.0859,13610.0,13610.0,13550.0,13550.0,5.0
2018-01-11 19:00:00,13553.2461,13460.0,13460.0,13450.0,13450.0,2.0
2018-01-11 20:00:00,13301.25,13390.0,13800.0,13390.0,13800.0,5.0
2018-01-11 21:00:00,13485.8105,13810.0,13940.0,13810.0,13940.0,2.0
2018-01-11 22:00:00,13800.5,13770.0,14105.0,13770.0,14045.0,20.0
2018-01-11 23:00:00,13719.2529,13730.0,14270.0,13730.0,14150.0,38.0
2018-01-12 00:00:00,13916.0,14050.0,14099.0,13910.0,14030.0,15.0
2018-01-12 01:00:00,13993.6758,14100.0,14100.0,13750.0,13750.0,13.0
2018-01-12 02:00:00,13895.0156,13700.0,13750.0,13680.0,13750.0,6.0
2018-01-12 03:00:00,13636.3555,13890.0,13950.0,13850.0,13900.0,15.0
2018-01-12 04:00:00,13727.9941,13500.0,13500.0,13190.0,13190.0,21.0
2018-01-12 05:00:00,13401.2246,13500.0,13500.0,13400.0,13433.0,7.0
2018-01-12 06:00:00,13465.9063,13560.0,13560.0,13560.0,13560.0,1.0
2018-01-12 07:00:00,13465.0254,13250.0,13250.0,12971.0,13250.0,7.0
2018-01-12 08:00:00,13116.2266,13340.0,13340.0,13220.0,13250.0,3.0
2018-01-12 09:00:00,13288.2656,13000.0,13280.0,13000.0,13280.0,5.0
2018-01-12 10:00:00,13099.6465,13500.0,13560.0,13500.0,13520.0,13.0
2018-01-12 11:00:00,13437.1016,13560.0,13560.0,13560.0,13560.0,1.0
2018-01-12 12:00:00,13461.748,13640.0,13750.0,13640.0,13750.0,4.0
2018-01-12 13:00:00,13639.2598,13622.0,13780.0,13500.0,13500.0,7.0
2018-01-12 14:00:00,13699.9863,13661.0,13740.0,13600.0,13600.0,4.5
2018-01-12 15:00:00,13611.291000000001,13700.0,13700.0,13700.0,13700.0,2.0
2018-01-12 16:00:00,13731.5,13580.0,13580.0,13580.0,13580.0,1.0
2018-01-12 17:00:00,13631.3555,13640.0,13660.0,13500.0,13500.0,11.0
2018-01-12 18:00:00,13601.9199,13530.0,14004.0,13530.0,14004.0,6.0
2018-01-12 19:00:00,13506.9063,13960.0,14130.0,13960.0,14120.0,5.0
2018-01-12 20:00:00,13950.5,14040.0,14040.0,14040.0,14040.0,1.0
2018-01-12 21:00:00,13960.0957,13960.0,14050.0,13960.0,14000.0,3.0
2018-01-12 22:00:00,14049.9961,14040.0,14060.0,13800.0,13810.0,6.0
2018-01-12 23:00:00,13862.9395,13900.0,13950.0,13780.0,13780.0,16.0
2018-01-13 00:00:00,13915.0059,13750.0,13750.0,13470.0,13470.0,17.0
2018-01-13 01:00:00,13610.7305,13460.0,13570.0,13460.0,13490.0,9.0
2018-01-13 02:00:00,13574.4141,13620.0,13650.0,13460.0,13460.0,8.0
2018-01-13 03:00:00,13600.3789,13550.0,13620.0,13503.0,13620.0,25.0
2018-01-13 04:00:00,13509.5459,13610.0,13940.0,13610.0,13940.0,21.0
2018-01-13 05:00:00,13766.1123,13960.0,13980.0,13770.0,13770.0,7.0
2018-01-13 06:00:00,13897.2842,13961.333333333334,13980.666666666666,13761.0,13761.0,6.933333333333334
2018-01-15 03:00:00,13497.8262,13962.666666666666,13981.333333333334,13752.0,13752.0,6.866666666666667
2018-01-15 04:00:00,13512.5664,13964.0,13982.0,13743.0,13743.0,6.8
2018-01-15 05:00:00,13335.6914,13965.333333333334,13982.666666666666,13734.0,13734.0,6.733333333333333
2018-01-15 06:00:00,13453.9355,13966.666666666666,13983.333333333334,13725.0,13725.0,6.666666666666667
2018-01-15 07:00:00,13383.2793,13968.0,13984.0,13716.0,13716.0,6.6
2018-01-15 08:00:00,13573.1299,13969.333333333334,13984.666666666666,13707.0,13707.0,6.533333333333333
2018-01-15 09:00:00,13642.3027,13970.666666666666,13985.333333333334,13698.0,13698.0,6.466666666666667
2018-01-15 10:00:00,13719.7344,13972.0,13986.0,13689.0,13689.0,6.4
2018-01-15 11:00:00,13623.333999999999,13973.333333333334,13986.666666666666,13680.0,13680.0,6.333333333333333
2018-01-15 12:00:00,13501.8018,13974.666666666666,13987.333333333334,13671.0,13671.0,6.266666666666667
2018-01-15 13:00:00,13526.665,13976.0,13988.0,13662.0,13662.0,6.2
2018-01-15 14:00:00,13619.4336,13977.333333333334,13988.666666666666,13653.0,13653.0,6.133333333333333
2018-01-15 15:00:00,13599.9863,13978.666666666666,13989.333333333334,13644.0,13644.0,6.066666666666666
2018-01-15 16:00:00,13749.4004,13980.0,13990.0,13635.0,13635.0,6.0
2018-01-15 17:00:00,13642.5645,13981.333333333334,13990.666666666666,13626.0,13626.0,5.933333333333334
2018-01-15 18:00:00,13594.2627,13982.666666666666,13991.333333333334,13617.0,13617.0,5.866666666666667
2018-01-15 19:00:00,13668.2021,13984.0,13992.0,13608.0,13608.0,5.8
2018-01-15 20:00:00,13755.5098,13985.333333333334,13992.666666666666,13599.0,13599.0,5.733333333333333
2018-01-15 21:00:00,13774.5,13986.666666666666,13993.333333333334,13590.0,13590.0,5.666666666666667
2018-01-15 22:00:00,14136.5703,13988.0,13994.0,13581.0,13581.0,5.6
2018-01-15 23:00:00,14154.3496,13989.333333333334,13994.666666666666,13572.0,13572.0,5.533333333333333
2018-01-16 00:00:00,14119.0449,13990.666666666666,13995.333333333334,13563.0,13563.0,5.466666666666667
2018-01-16 01:00:00,14072.8877,13992.0,13996.0,13554.0,13554.0,5.4
2018-01-16 02:00:00,14153.0,13993.333333333334,13996.666666666666,13545.0,13545.0,5.333333333333333
2018-01-16 03:00:00,13904.9004,13994.666666666666,13997.333333333334,13536.0,13536.0,5.266666666666667
2018-01-16 04:00:00,13919.4063,13996.0,13998.0,13527.0,13527.0,5.2
2018-01-16 05:00:00,13899.9961,13997.333333333334,13998.666666666666,13518.0,13518.0,5.133333333333334
2018-01-16 06:00:00,13724.418,13998.666666666666,13999.333333333334,13509.0,13509.0,5.066666666666666
2018-01-16 07:00:00,13916.8213,14000.0,14000.0,13500.0,13500.0,5.0
2018-01-16 08:00:00,13803.5752,13600.0,13620.0,13220.0,13220.0,43.0
2018-01-16 09:00:00,13594.542,13200.0,13330.0,13000.0,13060.0,17.0
2018-01-16 10:00:00,13243.6641,13020.0,13020.0,12600.0,12710.0,37.0
2018-01-16 11:00:00,13076.6943,12990.0,13110.0,12800.0,12800.0,18.0
2018-01-16 12:00:00,13171.0049,13030.0,13030.0,12780.0,12786.0,30.0
2018-01-16 13:00:00,12925.2041,13006.0,13030.0,12920.0,12970.0,16.0
2018-01-16 14:00:00,13008.8652,13000.0,13100.0,12998.0,13100.0,26.0
2018-01-16 15:00:00,13130.1982,13073.0,13100.0,13073.0,13100.0,8.0
2018-01-16 16:00:00,13158.9434,13053.0,13053.0,11790.0,11823.0,103.0
2018-01-16 17:00:00,12497.6016,11770.0,12220.0,11650.0,12080.0,71.0
2018-01-16 18:00:00,12256.5469,12000.0,12000.0,11120.0,11860.0,82.0
2018-01-16 19:00:00,11454.8594,11850.0,12060.0,11750.0,12060.0,34.0
2018-01-16 20:00:00,11804.998,11990.0,12260.0,11990.0,12100.0,19.0
2018-01-16 21:00:00,12233.0801,12000.0,12160.0,11900.0,12160.0,17.0
2018-01-16 22:00:00,12110.6855,11950.0,12040.0,11520.0,12040.0,30.0
2018-01-16 23:00:00,11634.5498,12100.0,12170.0,11920.0,12000.0,22.0
2018-01-17 00:00:00,11980.0293,12070.0,12300.0,12070.0,12250.0,10.0
2018-01-17 01:00:00,12296.4131,12000.0,12050.0,11443.0,11610.0,73.0
2018-01-17 02:00:00,12039.1133,11540.0,11650.0,11180.0,11530.0,64.0
2018-01-17 03:00:00,11396.9531,11440.0,11830.0,11399.0,11735.0,57.0
2018-01-17 04:00:00,11527.6914,11800.0,11870.0,11500.0,11630.0,42.0
2018-01-17 05:00:00,11539.5449,11500.0,11580.0,11030.0,11340.0,17.0
2018-01-17 06:00:00,11089.0059,11000.0,11164.0,10300.0,10300.0,94.0
2018-01-17 07:00:00,10715.7734,10400.0,11520.0,10250.0,11520.0,52.0
2018-01-17 08:00:00,11247.6738,11350.0,11750.0,11350.0,11500.0,18.0
2018-01-17 09:00:00,11392.5742,11420.0,11420.0,11180.0,11350.0,10.0
2018-01-17 10:00:00,11140.1445,11240.0,11275.0,11090.0,11240.0,9.0
2018-01-17 11:00:00,11314.9043,11060.0,11130.0,11000.0,11130.0,8.0
2018-01-17 12:00:00,10992.5098,10900.0,10960.0,10820.0,10880.0,8.0
2018-01-17 13:00:00,10917.4102,11260.0,11400.0,11000.0,11030.0,15.0
2018-01-17 14:00:00,11134.1914,11170.0,11500.0,11054.0,11470.0,17.0
2018-01-17 15:00:00,11141.5391,11580.0,11600.0,11300.0,11300.0,23.0
2018-01-17 16:00:00,11275.3145,11300.0,11301.0,10910.0,11020.0,94.0
2018-01-17 17:00:00,11236.5684,11100.0,11100.0,10800.0,10940.0,14.0
2018-01-17 18:00:00,10970.9961,10940.0,10950.0,10200.0,10220.0,38.0
2018-01-17 19:00:00,10619.8848,10210.0,10610.0,10150.0,10530.0,15.0
2018-01-17 20:00:00,10073.4941,10450.0,10640.0,10030.0,10640.0,9.0
2018-01-17 21:00:00,10200.3438,10710.0,10720.0,10495.0,10600.0,23.0
2018-01-17 22:00:00,10405.9277,10520.0,10520.0,9800.0,9850.0,76.0
2018-01-17 23:00:00,10039.9775,9810.0,9840.0,9390.0,9420.0,235.0
2018-01-18 00:00:00,9406.7109,9380.0,10150.0,9310.0,10150.0,56.0
2018-01-18 01:00:00,9507.7227,10040.0,10460.0,9970.0,10230.0,26.0
2018-01-18 02:00:00,10330.5938,10200.0,10240.0,9960.0,10021.0,18.0
2018-01-18 03:00:00,10102.043,10060.0,10330.0,9956.0,10200.0,32.0
2018-01-18 04:00:00,9805.5,10200.0,10910.0,10200.0,10882.0,27.0
2018-01-18 05:00:00,10494.6348,10750.0,11120.0,10720.0,10820.0,35.0
2018-01-18 06:00:00,10924.4102,11300.0,11500.0,11250.0,11300.0,12.0
2018-01-18 07:00:00,11376.6914,11320.0,11330.0,10930.0,11050.0,32.0
2018-01-18 08:00:00,11168.8848,11170.0,11330.0,10980.0,10980.0,5.0
2018-01-18 09:00:00,11199.6055,11200.0,11660.0,11200.0,11660.0,9.0
2018-01-18 10:00:00,11299.9961,11660.0,11750.0,11400.0,11750.0,19.0
2018-01-18 11:00:00,11534.1602,11690.0,11790.0,11670.0,11780.0,14.0
2018-01-18 12:00:00,11758.1455,11570.0,11570.0,11480.0,11520.0,11.0
2018-01-18 13:00:00,11370.4902,11250.0,11250.0,11170.0,11170.0,5.0
2018-01-18 14:00:00,11145.0156,11125.0,11125.0,11035.0,11050.0,7.5
2018-01-18 15:00:00,11038.5664,11000.0,11000.0,10900.0,10930.0,10.0
2018-01-18 16:00:00,11182.0059,10950.0,10950.0,10830.0,10900.0,7.0
2018-01-18 17:00:00,10749.2754,11100.0,11135.0,11000.0,11110.0,11.5
2018-01-18 18:00:00,10894.5,11250.0,11320.0,11170.0,11320.0,16.0
2018-01-18 19:00:00,11246.0254,11540.0,11600.0,11540.0,11600.0,4.0
2018-01-18 20:00:00,11333.583999999999,11590.0,11870.0,11590.0,11830.0,8.0
2018-01-18 21:00:00,11571.666000000001,12000.0,12000.0,11590.0,11690.0,34.0
2018-01-18 22:00:00,11720.8398,11720.0,11900.0,11700.0,11700.0,17.0
2018-01-18 23:00:00,11717.1152,11870.0,12200.0,11850.0,11920.0,101.0
2018-01-19 00:00:00,11967.7441,12001.0,12054.0,11770.0,11770.0,29.0
2018-01-19 01:00:00,12059.3555,11780.0,11860.0,11720.0,11860.0,14.0
2018-01-19 02:00:00,11785.7461,11770.0,11770.0,11520.0,11650.0,18.0
2018-01-19 03:00:00,11531.6699,11730.0,11880.0,11730.0,11880.0,8.0
2018-01-19 04:00:00,11809.9961,11830.0,11960.0,11820.0,11960.0,26.0
2018-01-19 05:00:00,11827.5,11990.0,12080.0,11860.0,11880.0,10.0
2018-01-19 06:00:00,11822.0098,11470.0,11470.0,11240.0,11240.0,6.0
2018-01-19 07:00:00,11605.5,11420.0,11420.0,11420.0,11420.0,2.0
2018-01-19 08:00:00,11319.7637,11180.0,11450.0,11160.0,11450.0,15.0
2018-01-19 09:00:00,11285.4492,11380.0,11550.0,11380.0,11550.0,3.0
2018-01-19 10:00:00,11540.1055,11420.0,11420.0,11420.0,11420.0,1.0
2018-01-19 11:00:00,11497.3789,11280.0,11280.0,11130.0,11230.0,3.0
2018-01-19 12:00:00,11132.3848,11270.0,11270.0,11060.0,11060.0,6.0
2018-01-19 13:00:00,11203.8379,11100.0,11580.0,11100.0,11580.0,20.0
2018-01-19 14:00:00,11435.0293,11206.666666666666,11643.333333333334,11150.0,11643.333333333334,20.0
2018-01-19 15:00:00,11415.3594,11313.333333333334,11706.666666666666,11200.0,11706.666666666666,20.0
2018-01-19 16:00:00,11585.7383,11420.0,11770.0,11250.0,11770.0,20.0
2018-01-19 17:00:00,11441.5898,11880.0,11910.0,11800.0,11800.0,8.0
2018-01-19 18:00:00,11727.4648,11720.0,11940.0,11720.0,11940.0,3.0
2018-01-19 19:00:00,11695.1992,11987.0,11987.0,11930.0,11950.0,5.0
2018-01-19 20:00:00,11910.5488,11830.0,11900.0,11830.0,11900.0,3.0
2018-01-19 21:00:00,11789.4844,12000.0,12000.0,11900.0,11900.0,7.0
2018-01-19 22:00:00,11895.5449,11750.0,11870.0,11750.0,11760.0,12.0
2018-01-19 23:00:00,11750.0059,11750.0,11750.0,11540.0,11720.0,9.0
2018-01-20 00:00:00,11501.3594,11670.0,11770.0,11590.0,11770.0,4.0
2018-01-20 01:00:00,11556.0674,11740.0,11810.0,11550.0,11550.0,8.0
2018-01-20 02:00:00,11665.5801,11500.0,11500.0,11300.0,11300.0,7.0
2018-01-20 03:00:00,11272.0742,11190.0,11340.0,11180.0,11340.0,7.0
2018-01-20 04:00:00,11266.3418,11250.0,11360.0,11250.0,11360.0,6.0
2018-01-20 05:00:00,11279.9707,11350.0,11550.0,11350.0,11370.0,15.0
2018-01-20 06:00:00,11402.7578,11371.666666666666,11538.333333333334,11341.666666666666,11383.333333333334,13.833333333333334
2018-01-22 03:00:00,11436.9961,11393.333333333334,11526.666666666666,11333.333333333334,11396.666666666666,12.666666666666668
2018-01-22 04:00:00,11503.668,11415.0,11515.0,11325.0,11410.0,11.5
2018-01-22 05:00:00,11494.5703,11436.666666666666,11503.333333333334,11316.666666666666,11423.333333333334,10.333333333333334
2018-01-22 06:00:00,11146.2539,11458.333333333334,11491.666666666666,11308.333333333334,11436.666666666666,9.166666666666666
2018-01-22 07:00:00,11366.6152,11480.0,11480.0,11300.0,11450.0,8.0
2018-01-22 08:00:00,11229.9746,11560.0,11560.0,11560.0,11560.0,1.0
2018-01-22 09:00:00,11524.3516,11760.0,11770.0,11730.0,11730.0,7.0
2018-01-22 10:00:00,11698.9355,11655.0,11660.0,11630.0,11630.0,4.5
2018-01-22 11:00:00,11442.0605,11550.0,11550.0,11530.0,11530.0,2.0
2018-01-22 12:00:00,11568.0,11560.0,11730.0,11560.0,11730.0,2.0
2018-01-22 13:00:00,11502.5508,11530.0,11685.0,11520.0,11685.0,6.0
2018-01-22 14:00:00,11617.6992,11500.0,11640.0,11480.0,11640.0,10.0
2018-01-22 15:00:00,11464.9473,11650.0,11660.0,11650.0,11660.0,2.0
2018-01-22 16:00:00,11618.9688,11705.0,11710.0,11705.0,11710.0,1.5
2018-01-22 17:00:00,11743.3594,11760.0,11760.0,11760.0,11760.0,1.0
2018-01-22 18:00:00,11728.7949,11860.0,11860.0,11720.0,11720.0,3.0
2018-01-22 19:00:00,11737.3242,11730.0,11730.0,11520.0,11520.0,13.0
2018-01-22 20:00:00,11721.4395,11600.0,11600.0,11320.0,11320.0,23.0
2018-01-22 21:00:00,11304.9707,11050.0,11050.0,10640.0,10640.0,24.0
2018-01-22 22:00:00,11314.5957,10690.0,10780.0,10420.0,10700.0,42.0
2018-01-22 23:00:00,10628.3555,10860.0,10860.0,10510.0,10640.0,17.0
2018-01-23 00:00:00,10655.9063,10620.0,10620.0,10330.0,10500.0,10.0
2018-01-23 01:00:00,10402.3984,10600.0,10690.0,10600.0,10600.0,24.0
2018-01-23 02:00:00,10507.9961,10730.0,10730.0,10520.0,10680.0,9.0
2018-01-23 03:00:00,10581.6152,10510.0,10570.0,10390.0,10530.0,27.0
2018-01-23 04:00:00,10453.0059,10440.0,10640.0,10270.0,10310.0,27.0
2018-01-23 05:00:00,10607.7949,10490.0,10490.0,10160.0,10270.0,18.0
2018-01-23 06:00:00,10397.5391,10090.0,10502.0,10050.0,10490.0,11.0
2018-01-23 07:00:00,10354.0,10380.0,10730.0,10380.0,10690.0,18.0
2018-01-23 08:00:00,10663.8457,10740.0,10820.0,10740.0,10820.0,3.0
2018-01-23 09:00:00,10783.7012,10810.0,11000.0,10764.0,11000.0,9.0
2018-01-23 10:00:00,10822.4707,10800.0,10830.0,10800.0,10830.0,2.0
2018-01-23 11:00:00,10691.4199,10800.0,10840.0,10800.0,10840.0,6.0
2018-01-23 12:00:00,10772.9746,10920.0,10920.0,10920.0,10920.0,1.0
2018-01-23 13:00:00,10847.2539,10800.0,10800.0,10330.0,10410.0,25.0
2018-01-23 14:00:00,10589.9961,10390.0,10550.0,10350.0,10550.0,13.0
2018-01-23 15:00:00,10422.1699,10450.0,10450.0,10290.0,10290.0,16.0
2018-01-23 16:00:00,10330.9551,10490.0,10490.0,10490.0,10490.0,5.0
2018-01-23 17:00:00,10307.4941,10650.0,10770.0,10650.0,10770.0,6.0
2018-01-23 18:00:00,10692.6016,10490.0,10600.0,10485.0,10600.0,5.5
2018-01-23 19:00:00,10477.4492,10330.0,10430.0,10320.0,10430.0,5.0
2018-01-23 20:00:00,10357.2891,10100.0,10460.0,9960.0,10450.0,31.0
2018-01-23 21:00:00,10194.457,10370.0,10370.0,10240.0,10340.0,7.0
2018-01-23 22:00:00,10230.5684,10360.0,10440.0,10340.0,10340.0,4.0
2018-01-23 23:00:00,10297.1367,10250.0,10720.0,10250.0,10650.0,36.0
2018-01-24 00:00:00,10433.5,10620.0,11430.0,10593.0,11262.0,46.0
2018-01-24 01:00:00,10765.3008,11350.0,11410.0,11170.0,11240.0,35.0
2018-01-24 02:00:00,11337.8145,11200.0,11380.0,11200.0,11240.0,80.0
2018-01-24 03:00:00,11164.0293,11240.0,11300.0,11180.0,11240.0,53.0
2018-01-24 04:00:00,11220.4199,11090.0,11130.0,10960.0,11086.0,29.0
2018-01-24 05:00:00,11017.5,11150.0,11200.0,11030.0,11030.0,19.0
2018-01-24 06:00:00,11138.3496,11010.0,11200.0,11010.0,11200.0,13.0
2018-01-24 07:00:00,10987.9082,11130.0,11130.0,10920.0,10920.0,16.0
2018-01-24 08:00:00,11054.3086,10880.0,10970.0,10880.0,10970.0,5.0
2018-01-24 09:00:00,10837.1797,10910.0,10910.0,10650.0,10650.0,7.0
2018-01-24 10:00:00,10597.0,10650.0,10650.0,10650.0,10650.0,1.0
2018-01-24 11:00:00,10642.75,10740.0,10740.0,10740.0,10740.0,3.0
2018-01-24 12:00:00,10766.3984,10950.0,10950.0,10530.0,10530.0,20.0
2018-01-24 13:00:00,10829.1641,10650.0,10720.0,10650.0,10720.0,2.0
2018-01-24 14:00:00,10676.6758,10790.0,10950.0,10790.0,10863.5,18.5
2018-01-24 15:00:00,10635.2734,10930.0,11180.0,10930.0,11007.0,35.0
2018-01-24 16:00:00,10960.1836,11020.0,11030.0,10970.0,11030.0,15.0
2018-01-24 17:00:00,10953.4902,10880.0,10900.0,10800.0,10800.0,7.0
2018-01-24 18:00:00,10847.5,10930.0,11170.0,10860.0,11070.0,46.0
2018-01-24 19:00:00,11052.9961,11040.0,11040.0,11040.0,11040.0,5.0
2018-01-24 20:00:00,10983.8779,11150.0,11330.0,11130.0,11330.0,4.0
2018-01-24 21:00:00,11043.5,11280.0,11500.0,11280.0,11310.0,17.0
2018-01-24 22:00:00,11315.6797,11280.0,11500.0,11280.0,11500.0,7.0
2018-01-24 23:00:00,11335.0996,11470.0,11470.0,11200.0,11280.0,30.0
2018-01-25 00:00:00,11299.9141,11250.0,11270.0,10980.0,11040.0,43.0
2018-01-25 01:00:00,11049.4043,11080.0,11120.0,10910.0,10910.0,8.0
2018-01-25 02:00:00,11050.5195,11040.0,11150.0,11040.0,11130.0,13.0
2018-01-25 03:00:00,11101.5,11170.0,11170.0,11050.0,11050.0,2.0
2018-01-25 04:00:00,11027.8516,11160.0,11230.0,11160.0,11230.0,6.0
2018-01-25 05:00:00,11197.6543,11180.0,11210.0,11170.0,11210.0,29.0
2018-01-25 06:00:00,11151.5,11260.0,11260.0,11160.0,11210.0,5.0
2018-01-25 07:00:00,11213.3652,11120.0,11160.0,11120.0,11160.0,2.0
2018-01-25 08:00:00,11103.0137,11210.0,11430.0,11200.0,11430.0,10.0
2018-01-25 09:00:00,11394.8789,11290.0,11470.0,11290.0,11440.0,6.0
2018-01-25 10:00:00,11306.1777,11500.0,11550.0,11400.0,11440.0,7.0
2018-01-25 11:00:00,11454.6055,11439.0,11700.0,11430.0,11490.0,38.0
2018-01-25 12:00:00,11547.457,11710.0,11710.0,11580.0,11580.0,2.0
2018-01-25 13:00:00,11631.6543,11560.0,11560.0,11490.0,11490.0,4.0
2018-01-25 14:00:00,11455.6484,11560.0,11590.0,11560.0,11590.0,2.0
2018-01-25 15:00:00,11558.9639,11580.0,11580.0,11460.0,11460.0,14.0
2018-01-25 16:00:00,11473.2363,11360.0,11380.0,11360.0,11380.0,2.0
2018-01-25 17:00:00,11418.8945,11200.0,11250.0,11200.0,11250.0,2.0
2018-01-25 18:00:00,11290.0449,11280.0,11280.0,11270.0,11270.0,4.0
2018-01-25 19:00:00,11317.1484,11290.0,11290.0,11290.0,11290.0,4.0
2018-01-25 20:00:00,11307.6592,11180.0,11220.0,11160.0,11220.0,20.0
2018-01-25 21:00:00,11158.9941,11070.0,11160.0,11070.0,11160.0,3.0
2018-01-25 22:00:00,11055.0801,11153.0,11310.0,11153.0,11260.0,10.0
2018-01-25 23:00:00,11220.9492,11290.0,11310.0,11120.0,11150.0,25.0
2018-01-26 00:00:00,11168.9961,11100.0,11100.0,10940.0,11050.0,22.0
2018-01-26 01:00:00,10966.3984,11100.0,11120.0,10910.0,10960.0,22.0
2018-01-26 02:00:00,10885.5547,10960.0,11210.0,10950.0,11160.0,26.0
2018-01-26 03:00:00,10991.1953,11180.0,11250.0,11180.0,11180.0,20.0
2018-01-26 04:00:00,11251.6758,11220.0,11280.0,11150.0,11230.0,44.0
2018-01-26 05:00:00,11214.9863,11280.0,11390.0,11250.0,11310.0,30.0
2018-01-26 06:00:00,11253.5996,11140.0,11140.0,11140.0,11140.0,1.0
2018-01-26 07:00:00,11256.5234,11210.0,11210.0,11130.0,11130.0,3.0
2018-01-26 08:00:00,11162.0117,11110.0,11170.0,11110.0,11140.0,6.0
2018-01-26 09:00:00,11143.5039,11300.0,11395.0,11300.0,11380.0,7.0
2018-01-26 10:00:00,11391.833999999999,11490.0,11620.0,11490.0,11620.0,8.0
2018-01-26 11:00:00,11310.7285,11520.0,11620.0,11500.0,11620.0,5.0
2018-01-26 12:00:00,11588.5195,11540.0,11550.0,11540.0,11550.0,2.0
2018-01-26 13:00:00,11533.5605,11470.0,11476.666666666666,11433.333333333334,11440.0,3.3333333333333335
2018-01-26 14:00:00,11466.5391,11400.0,11403.333333333334,11326.666666666666,11330.0,4.666666666666667
2018-01-26 15:00:00,11360.0859,11330.0,11330.0,11220.0,11220.0,6.0
2018-01-26 16:00:00,11371.208999999999,11180.0,11180.0,10600.0,10600.0,29.0
2018-01-26 17:00:00,11032.5,10530.0,10600.0,10460.0,10570.0,13.0
2018-01-26 18:00:00,10732.5,10490.0,10490.0,10320.0,10320.0,7.0
2018-01-26 19:00:00,10474.375,10580.0,10620.0,10440.0,10443.0,10.0
2018-01-26 20:00:00,10526.168,10400.0,10400.0,10400.0,10400.0,1.0
2018-01-26 21:00:00,10505.9424,10480.0,10710.0,10480.0,10610.0,9.0
2018-01-26 22:00:00,10607.2998,10606.0,10700.0,10550.0,10700.0,21.0
2018-01-26 23:00:00,10524.7148,10780.0,10930.0,10720.0,10920.0,11.0
2018-01-27 00:00:00,10782.8105,10970.0,11260.0,10840.0,11080.0,30.0
2018-01-27 01:00:00,11026.5,11070.0,11110.0,10990.0,10990.0,10.0
2018-01-27 02:00:00,11079.6406,11160.0,11180.0,11030.0,11030.0,17.0
2018-01-27 03:00:00,11141.5508,11040.0,11090.0,11010.0,11060.0,10.0
2018-01-27 04:00:00,11010.7695,11030.0,11030.0,10950.0,11030.0,17.0
2018-01-27 05:00:00,10920.8105,11030.0,11030.0,10970.0,10990.0,14.0
2018-01-27 06:00:00,10965.1094,11125.0,11141.666666666666,11055.0,11101.666666666666,14.5
2018-01-29 03:00:00,11636.502,11220.0,11253.333333333334,11140.0,11213.333333333334,15.0
2018-01-29 04:00:00,11566.7969,11315.0,11365.0,11225.0,11325.0,15.5
2018-01-29 05:00:00,11606.4805,11410.0,11476.666666666666,11310.0,11436.666666666666,16.0
2018-01-29 06:00:00,11677.3008,11505.0,11588.333333333334,11395.0,11548.333333333334,16.5
2018-01-29 07:00:00,11755.1543,11600.0,11700.0,11480.0,11660.0,17.0
2018-01-29 08:00:00,11695.0449,11660.0,11750.0,11630.0,11750.0,44.0
2018-01-29 09:00:00,11683.3027,11750.0,11750.0,11420.0,11420.0,4.0
2018-01-29 10:00:00,11691.7109,11440.0,11460.0,11300.0,11400.0,28.0
2018-01-29 11:00:00,11392.0195,11430.0,11440.0,11430.0,11440.0,2.0
2018-01-29 12:00:00,11399.1699,11420.0,11490.0,11420.0,11480.0,11.0
2018-01-29 13:00:00,11394.4551,11520.0,11520.0,11520.0,11520.0,1.0
2018-01-29 14:00:00,11411.5,11420.0,11420.0,11420.0,11420.0,5.0
2018-01-29 15:00:00,11395.7793,11370.0,11370.0,11370.0,11370.0,2.0
2018-01-29 16:00:00,11249.7598,11210.0,11230.0,11130.0,11220.0,18.0
2018-01-29 17:00:00,11186.6992,11270.0,11340.0,11270.0,11340.0,2.0
2018-01-29 18:00:00,11195.4473,11260.0,11300.0,11260.0,11300.0,4.0
2018-01-29 19:00:00,11231.4492,11160.0,11160.0,11160.0,11160.0,1.0
2018-01-29 20:00:00,11306.4844,11100.0,11120.0,11000.0,11120.0,5.0
2018-01-29 21:00:00,11124.3916,11120.0,11120.0,11120.0,11120.0,1.0
2018-01-29 22:00:00,11126.8467,11180.0,11250.0,11180.0,11250.0,9.0
2018-01-29 23:00:00,11212.7207,11280.0,11280.0,11180.0,11200.0,21.0
2018-01-30 00:00:00,11223.6055,11160.0,11270.0,11140.0,11270.0,11.0
2018-01-30 01:00:00,11249.5,11270.0,11270.0,11230.0,11230.0,2.0
2018-01-30 02:00:00,11240.2383,11240.0,11240.0,11200.0,11200.0,5.0
2018-01-30 03:00:00,11230.8438,11280.0,11280.0,11270.0,11270.0,3.0
2018-01-30 04:00:00,11226.7598,11200.0,11200.0,11160.0,11200.0,5.0
2018-01-30 05:00:00,11126.625,11220.0,11220.0,11220.0,11220.0,1.0
2018-01-30 06:00:00,11180.2598,11170.0,11170.0,11110.0,11120.0,7.0
2018-01-30 07:00:00,11206.9941,11100.0,11100.0,11030.0,11030.0,4.0
2018-01-30 08:00:00,11049.0537,11200.0,11230.0,11170.0,11220.0,4.0
2018-01-30 09:00:00,11151.0488,11210.0,11220.0,11180.0,11180.0,3.0
2018-01-30 10:00:00,11153.6484,11020.0,11030.0,10900.0,10990.0,12.0
2018-01-30 11:00:00,10884.6699,10970.0,10970.0,10900.0,10900.0,3.0
2018-01-30 12:00:00,10940.1328,10920.0,10920.0,10920.0,10920.0,1.0
2018-01-30 13:00:00,10917.1289,10913.333333333334,10920.0,10906.666666666666,10916.666666666666,6.0
2018-01-30 14:00:00,10954.752,10906.666666666666,10920.0,10893.333333333334,10913.333333333334,11.0
2018-01-30 15:00:00,10959.5713,10900.0,10920.0,10880.0,10910.0,16.0
2018-01-30 16:00:00,10918.8145,10960.0,11080.0,10920.0,11030.0,30.0
2018-01-30 17:00:00,11012.8496,11040.0,11040.0,10900.0,10920.0,19.0
2018-01-30 18:00:00,11020.9375,10810.0,10890.0,10810.0,10870.0,13.0
2018-01-30 19:00:00,10868.998,10860.0,10860.0,10820.0,10820.0,3.0
2018-01-30 20:00:00,10879.3047,10835.0,10835.0,10780.0,10780.0,7.0
2018-01-30 21:00:00,10934.9961,10810.0,10810.0,10740.0,10740.0,11.0
2018-01-30 22:00:00,10890.0996,10650.0,10650.0,10370.0,10550.0,74.0
2018-01-30 23:00:00,10444.9961,10500.0,10530.0,10280.0,10350.0,38.0
2018-01-31 00:00:00,10530.7598,10370.0,10420.0,10200.0,10420.0,32.0
2018-01-31 01:00:00,10291.1152,10410.0,10450.0,10360.0,10420.0,12.0
2018-01-31 02:00:00,10360.7793,10380.0,10380.0,9740.0,9930.0,92.0
2018-01-31 03:00:00,10155.4355,9960.0,10060.0,9710.0,10000.0,49.0
2018-01-31 04:00:00,9961.3496,10250.0,10250.0,9990.0,10120.0,83.0
2018-01-31 05:00:00,10196.0684,10050.0,10080.0,10000.0,10040.0,6.0
2018-01-31 06:00:00,9983.209,10020.0,10035.0,9995.0,10015.0,3.5
2018-01-31 07:00:00,10086.7949,9990.0,9990.0,9990.0,9990.0,1.0
2018-01-31 08:00:00,10125.25,9990.0,9990.0,9990.0,9990.0,1.0
2018-01-31 09:00:00,9994.9961,9960.0,9960.0,9550.0,9700.0,55.0
2018-01-31 10:00:00,9703.0059,9660.0,9790.0,9660.0,9750.0,4.0
2018-01-31 11:00:00,9769.7012,9770.0,9910.0,9770.0,9910.0,5.0
2018-01-31 12:00:00,10001.4395,9860.0,9860.0,9740.0,9800.0,111.0
2018-01-31 13:00:00,9887.1758,9750.0,9890.0,9690.0,9690.0,61.0
2018-01-31 14:00:00,9824.457,9890.0,9950.0,9890.0,9930.0,8.0
2018-01-31 15:00:00,9885.0,10060.0,10100.0,9990.0,10100.0,25.0
2018-01-31 16:00:00,10015.0488,10070.0,10230.0,10070.0,10230.0,10.0
2018-01-31 17:00:00,10166.9746,10120.0,10120.0,9970.0,10030.0,3.0
2018-01-31 18:00:00,10132.8672,10010.0,10140.0,10010.0,10070.0,11.0
2018-01-31 19:00:00,10058.5996,10160.0,10160.0,10010.0,10110.0,21.0
2018-01-31 20:00:00,10131.0781,10210.0,10270.0,10170.0,10200.0,10.0
2018-01-31 21:00:00,10229.0039,10270.0,10270.0,10200.0,10200.0,4.0
2018-01-31 22:00:00,10278.5898,10080.0,10090.0,10000.0,10000.0,30.0
2018-01-31 23:00:00,10050.2979,9980.0,10000.0,9760.0,9930.0,43.0
2018-02-01 00:00:00,9904.4961,9990.0,9990.0,9750.0,9810.0,11.0
2018-02-01 01:00:00,9946.0225,9950.0,9960.0,9950.0,9960.0,3.0
2018-02-01 02:00:00,9973.2197,10000.0,10050.0,9930.0,9980.0,6.0
2018-02-01 03:00:00,9957.291,9920.0,9920.0,9900.0,9920.0,3.0
2018-02-01 04:00:00,9974.7305,9940.0,10050.0,9920.0,10050.0,13.0
2018-02-01 05:00:00,9997.0137,10040.0,10040.0,10010.0,10010.0,24.0
2018-02-01 06:00:00,10054.3887,10060.0,10080.0,10060.0,10080.0,3.0
2018-02-01 07:00:00,9962.3105,10120.0,10120.0,10060.0,10060.0,11.0
2018-02-01 08:00:00,10026.2754,10200.0,10200.0,10180.0,10180.0,10.0
2018-02-01 09:00:00,10121.4307,10180.0,10180.0,10180.0,10180.0,1.0
2018-02-01 10:00:00,10120.7871,10190.0,10190.0,10170.0,10170.0,9.0
2018-02-01 11:00:00,10116.4346,10170.0,10170.0,10170.0,10170.0,4.0
2018-02-01 12:00:00,10121.4707,10000.0,10000.0,9920.0,9980.0,9.0
2018-02-01 13:00:00,9960.3389,10080.0,10080.0,10005.0,10035.0,11.0
2018-02-01 14:00:00,10118.6719,10160.0,10160.0,10090.0,10090.0,13.0
2018-02-01 15:00:00,10175.3867,10050.0,10080.0,10050.0,10080.0,2.0
2018-02-01 16:00:00,10087.9707,10030.0,10030.0,9880.0,9900.0,16.0
2018-02-01 17:00:00,10035.5254,9850.0,9870.0,9720.0,9870.0,10.0
2018-02-01 18:00:00,9853.2295,9620.0,9630.0,9350.0,9470.0,23.0
2018-02-01 19:00:00,9566.1855,9470.0,9470.0,9450.0,9470.0,3.0
2018-02-01 20:00:00,9410.9678,9580.0,9580.0,9260.0,9270.0,21.0
2018-02-01 21:00:00,9489.6836,9270.0,9390.0,9240.0,9240.0,15.0
2018-02-01 22:00:00,9346.5508,9300.0,9330.0,9120.0,9310.0,38.0
2018-02-01 23:00:00,9184.0908,9310.0,9400.0,9240.0,9290.0,35.0
2018-02-02 00:00:00,9325.7178,9300.0,9320.0,9010.0,9010.0,26.0
2018-02-02 01:00:00,9225.25,9010.0,9080.0,8850.0,8970.0,99.0
2018-02-02 02:00:00,8975.2988,9000.0,9050.0,8970.0,8980.0,19.0
2018-02-02 03:00:00,8976.3984,8950.0,9000.0,8720.0,8800.0,57.0
2018-02-02 04:00:00,8979.5684,8810.0,8940.0,8500.0,8920.0,63.0
2018-02-02 05:00:00,8727.0684,8960.0,9180.0,8820.0,9110.0,99.0
2018-02-02 06:00:00,9095.0313,9150.0,9260.0,9150.0,9260.0,2.0
2018-02-02 07:00:00,9094.4746,8910.0,9070.0,8860.0,9070.0,30.0
2018-02-02 08:00:00,8939.9863,9090.0,9090.0,8800.0,8800.0,40.0
2018-02-02 09:00:00,9017.5742,8800.0,8810.0,8640.0,8760.0,46.0
2018-02-02 10:00:00,8692.9648,8600.0,8830.0,8580.0,8830.0,9.0
2018-02-02 11:00:00,8621.959,8700.0,8940.0,8700.0,8920.0,31.0
2018-02-02 12:00:00,8839.9004,8800.0,8800.0,8600.0,8610.0,8.0
2018-02-02 13:00:00,8669.3975,8680.0,8720.0,8590.0,8720.0,12.0
2018-02-02 14:00:00,8658.4902,8540.0,8670.0,8500.0,8530.0,46.0
2018-02-02 15:00:00,8571.8203,8500.0,8690.0,8400.0,8690.0,33.0
2018-02-02 16:00:00,8536.5156,8620.0,8630.0,8420.0,8450.0,12.0
2018-02-02 17:00:00,8427.5,8380.0,8410.0,8170.0,8320.0,17.0
2018-02-02 18:00:00,8281.5957,8380.0,8380.0,8170.0,8170.0,20.0
2018-02-02 19:00:00,8316.9473,8170.0,8270.0,8110.0,8160.0,20.0
2018-02-02 20:00:00,8122.1309,8100.0,8120.0,7900.0,7900.0,53.0
2018-02-02 21:00:00,7997.6641,7870.0,8600.0,7700.0,8540.0,89.0
2018-02-02 22:00:00,8202.0547,8570.0,8900.0,8500.0,8600.0,46.0
2018-02-02 23:00:00,8806.7051,8640.0,8780.0,8520.0,8680.0,45.0
2018-02-03 00:00:00,8628.2148,8840.0,9080.0,8770.0,8880.0,52.0
2018-02-03 01:00:00,8994.0488,8970.0,9090.0,8730.0,8730.0,21.0
2018-02-03 02:00:00,9078.0195,8710.0,8850.0,8650.0,8650.0,16.0
2018-02-03 03:00:00,8692.0234,8790.0,8790.0,8510.0,8520.0,21.0
2018-02-03 04:00:00,8554.5488,8670.0,8780.0,8630.0,8780.0,8.0
2018-02-03 05:00:00,8575.5371,8690.0,8690.0,8480.0,8480.0,39.0
2018-02-03 06:00:00,8562.1133,8658.333333333334,8658.333333333334,8436.666666666666,8436.666666666666,35.66666666666667
2018-02-05 03:00:00,8460.0059,8626.666666666666,8626.666666666666,8393.333333333334,8393.333333333334,32.333333333333336
2018-02-05 04:00:00,8340.0605,8595.0,8595.0,8350.0,8350.0,29.0
2018-02-05 05:00:00,8188.3145,8563.333333333334,8563.333333333334,8306.666666666666,8306.666666666666,25.666666666666668
2018-02-05 06:00:00,8115.0156,8531.666666666666,8531.666666666666,8263.333333333334,8263.333333333334,22.333333333333332
2018-02-05 07:00:00,8077.4102,8500.0,8500.0,8220.0,8220.0,19.0
2018-02-05 08:00:00,8405.041,8350.0,8350.0,8200.0,8200.0,27.0
2018-02-05 09:00:00,8180.8496,8310.0,8310.0,7890.0,7890.0,26.0
2018-02-05 10:00:00,8208.373,7990.0,8000.0,7900.0,8000.0,8.0
2018-02-05 11:00:00,8084.9961,7890.0,8270.0,7860.0,8270.0,12.0
2018-02-05 12:00:00,8033.1406,8020.0,8180.0,7990.0,8110.0,62.0
2018-02-05 13:00:00,8132.8555,8140.0,8320.0,8140.0,8300.0,31.0
2018-02-05 14:00:00,8279.8809,8240.0,8290.0,8240.0,8290.0,4.0
2018-02-05 15:00:00,8187.9492,8080.0,8080.0,7970.0,7980.0,40.0
2018-02-05 16:00:00,8059.0674,7990.0,8050.0,7740.0,7880.0,81.0
2018-02-05 17:00:00,7970.1094,8020.0,8070.0,7740.0,8070.0,51.0
2018-02-05 18:00:00,7795.1309,7900.0,7950.0,7830.0,7950.0,58.0
2018-02-05 19:00:00,7867.1465,7800.0,7800.0,7650.0,7710.0,23.0
2018-02-05 20:00:00,7681.9551,7710.0,7720.0,7580.0,7620.0,30.0
2018-02-05 21:00:00,7555.043000000001,7620.0,7760.0,7620.0,7680.0,31.0
2018-02-05 22:00:00,7691.3047,7760.0,7780.0,7320.0,7440.0,71.0
2018-02-05 23:00:00,7648.0254,7480.0,7480.0,7200.0,7310.0,61.0
2018-02-06 00:00:00,7325.916,7260.0,7510.0,7260.0,7400.0,70.0
2018-02-06 01:00:00,7342.4492,7420.0,7420.0,7250.0,7250.0,43.0
2018-02-06 02:00:00,7269.7363,7300.0,7300.0,6910.0,6910.0,127.0
2018-02-06 03:00:00,7035.5605,7100.0,7250.0,6800.0,6850.0,49.0
2018-02-06 04:00:00,6870.4668,6810.0,7150.0,6600.0,7110.0,109.0
2018-02-06 05:00:00,6617.416,7140.0,7370.0,7050.0,7050.0,57.0
2018-02-06 06:00:00,7177.3301,7170.0,7360.0,7130.0,7240.0,60.0
2018-02-06 07:00:00,7100.8711,7300.0,7300.0,6760.0,6960.0,26.0
2018-02-06 08:00:00,6800.3555,6890.0,7050.0,6850.0,7050.0,25.0
2018-02-06 09:00:00,6905.1953,6960.0,6960.0,6670.0,6720.0,12.0
2018-02-06 10:00:00,6971.0664,6670.0,6670.0,6380.0,6380.0,82.0
2018-02-06 11:00:00,6443.25,6540.0,6560.0,6230.0,6230.0,23.0
2018-02-06 12:00:00,6374.5,6250.0,6291.0,6130.0,6168.0,218.0
2018-02-06 13:00:00,6316.3594,6160.0,6410.0,6040.0,6200.0,46.0
2018-02-06 14:00:00,6060.6602,6150.0,6590.0,6150.0,6180.0,129.0
2018-02-06 15:00:00,6449.7051,6150.0,6270.0,6130.0,6190.0,27.0
2018-02-06 16:00:00,6245.4971,6080.0,6270.0,5940.0,6120.0,97.0
2018-02-06 17:00:00,5966.9043,6150.0,6550.0,6150.0,6510.0,61.0
2018-02-06 18:00:00,6088.1836,6510.0,7000.0,6510.0,6690.0,225.0
2018-02-06 19:00:00,6673.6895,6540.0,6540.0,6250.0,6250.0,34.0
2018-02-06 20:00:00,6445.6055,6380.0,6610.0,6300.0,6480.0,39.0
2018-02-06 21:00:00,6457.7832,6480.0,7000.0,6480.0,6850.0,38.0
2018-02-06 22:00:00,6677.1309,6880.0,7300.0,6880.0,7060.0,53.0
2018-02-06 23:00:00,7146.3984,6950.0,7470.0,6930.0,7460.0,68.0
2018-02-07 00:00:00,7180.4277,7440.0,7460.0,7110.0,7160.0,53.0
2018-02-07 01:00:00,7293.2266,7100.0,7150.0,6940.0,6970.0,24.0
2018-02-07 02:00:00,7099.3848,7040.0,7190.0,6810.0,7140.0,108.0
2018-02-07 03:00:00,6989.8398,7060.0,7330.0,7060.0,7300.0,17.0
2018-02-07 04:00:00,7165.4199,7410.0,7670.0,7410.0,7620.0,34.0
2018-02-07 05:00:00,7534.2207,7740.0,7780.0,7500.0,7600.0,33.0
2018-02-07 06:00:00,7515.1055,7800.0,7950.0,7600.0,7740.0,56.0
2018-02-07 07:00:00,7764.5977,7650.0,7700.0,7650.0,7700.0,6.0
2018-02-07 08:00:00,7630.3496,7670.0,7830.0,7610.0,7680.0,49.0
2018-02-07 09:00:00,7688.4648,7630.0,7710.0,7450.0,7700.0,16.0
2018-02-07 10:00:00,7595.8809,7690.0,7690.0,7630.0,7630.0,4.0
2018-02-07 11:00:00,7619.541,7480.0,7530.0,7300.0,7340.0,77.0
2018-02-07 12:00:00,7348.1016,7360.0,7360.0,7230.0,7250.0,26.0
2018-02-07 13:00:00,7271.4492,7520.0,7590.0,7520.0,7590.0,2.0
2018-02-07 14:00:00,7495.9121,7340.0,7340.0,7340.0,7340.0,1.0
2018-02-07 15:00:00,7455.0254,7450.0,7470.0,7450.0,7470.0,2.0
2018-02-07 16:00:00,7496.0469,7530.0,7800.0,7530.0,7800.0,66.0
2018-02-07 17:00:00,7724.9043,7800.0,7950.0,7710.0,7950.0,11.0
2018-02-07 18:00:00,7668.7949,7990.0,8260.0,7990.0,8200.0,32.0
2018-02-07 19:00:00,7976.666,8170.0,8340.0,8090.0,8090.0,8.0
2018-02-07 20:00:00,8228.3496,8080.0,8270.0,8080.0,8150.0,73.0
2018-02-07 21:00:00,8261.2949,8260.0,8580.0,8220.0,8580.0,32.0
2018-02-07 22:00:00,8374.9961,8400.0,8480.0,8230.0,8260.0,20.0
2018-02-07 23:00:00,8299.9863,8170.0,8370.0,8170.0,8270.0,34.0
2018-02-08 00:00:00,8257.0859,8220.0,8290.0,8140.0,8160.0,18.0
2018-02-08 01:00:00,8211.2539,8070.0,8310.0,8000.0,8310.0,52.0
2018-02-08 02:00:00,8013.8164,8350.0,8510.0,8341.0,8390.0,36.0
2018-02-08 03:00:00,8333.8145,8310.0,8400.0,8240.0,8260.0,11.0
2018-02-08 04:00:00,8248.2461,8230.0,8230.0,8100.0,8150.0,12.0
2018-02-08 05:00:00,8160.7539,8000.0,8300.0,8000.0,8280.0,27.0
2018-02-08 06:00:00,8155.4043,8180.0,8280.0,7820.0,7880.0,91.0
2018-02-08 07:00:00,8087.4834,7910.0,7940.0,7720.0,7740.0,51.0
2018-02-08 08:00:00,7850.6348,7750.0,7750.0,7600.0,7620.0,9.0
2018-02-08 09:00:00,7578.8359,7830.0,7830.0,7710.0,7820.0,18.0
2018-02-08 10:00:00,7709.6211,7950.0,8150.0,7910.0,8090.0,28.0
2018-02-08 11:00:00,7876.6367,8140.0,8170.0,7950.0,7950.0,8.0
2018-02-08 12:00:00,8030.8145,8060.0,8280.0,8060.0,8270.0,6.0
2018-02-08 13:00:00,7987.5293,8310.0,8310.0,8100.0,8100.0,18.0
2018-02-08 14:00:00,8156.7207,8120.0,8120.0,8120.0,8120.0,2.0
2018-02-08 15:00:00,7980.3789,8050.0,8190.0,8050.0,8130.0,30.0
2018-02-08 16:00:00,8024.8594,8250.0,8400.0,8250.0,8400.0,39.0
2018-02-08 17:00:00,8318.5898,8240.0,8310.0,8200.0,8200.0,39.0
2018-02-08 18:00:00,8236.8262,8240.0,8620.0,8240.0,8540.0,24.0
2018-02-08 19:00:00,8330.4941,8540.0,8650.0,8530.0,8570.0,12.0
2018-02-08 20:00:00,8550.0059,8540.0,8540.0,8410.0,8450.0,20.0
2018-02-08 21:00:00,8482.9453,8550.0,8690.0,8540.0,8600.0,52.0
2018-02-08 22:00:00,8594.9844,8560.0,8560.0,8430.0,8490.0,54.0
2018-02-08 23:00:00,8454.4746,8420.0,8540.0,8390.0,8420.0,16.0
2018-02-09 00:00:00,8421.3379,8420.0,8420.0,8180.0,8190.0,132.0
2018-02-09 01:00:00,8226.8652,8270.0,8330.0,8160.0,8160.0,50.0
2018-02-09 02:00:00,8281.8496,8180.0,8310.0,8070.0,8140.0,42.0
2018-02-09 03:00:00,8187.2188,8130.0,8350.0,8130.0,8350.0,51.0
2018-02-09 04:00:00,8211.668,8310.0,8550.0,8310.0,8430.0,108.0
2018-02-09 05:00:00,8399.6504,8430.0,8430.0,8290.0,8290.0,26.0
2018-02-09 06:00:00,8296.9102,8180.0,8290.0,8180.0,8200.0,48.0
2018-02-09 07:00:00,8171.1855,8290.0,8330.0,8220.0,8330.0,22.0
2018-02-09 08:00:00,8223.0996,8240.0,8240.0,8160.0,8160.0,11.0
2018-02-09 09:00:00,8237.7852,8100.0,8100.0,7820.0,7880.0,16.0
2018-02-09 10:00:00,7923.5488,7920.0,8020.0,7920.0,8020.0,10.0
2018-02-09 11:00:00,7998.6484,8000.0,8170.0,7900.0,7960.0,26.0
2018-02-09 12:00:00,8123.1348,7950.0,8080.0,7940.0,7960.0,28.0
2018-02-09 13:00:00,8083.8809,7920.0,7920.0,7760.0,7760.0,47.0
2018-02-09 14:00:00,7845.5742,7770.0,7900.0,7750.0,7900.0,38.0
2018-02-09 15:00:00,7877.1025,7930.0,8080.0,7920.0,8040.0,8.0
2018-02-09 16:00:00,7959.8672,8050.0,8050.0,7890.0,7920.0,18.0
2018-02-09 17:00:00,8007.5039,7920.0,8310.0,7920.0,8290.0,35.0
2018-02-09 18:00:00,8080.2734,8280.0,8340.0,8270.0,8340.0,17.0
2018-02-09 19:00:00,8257.5,8230.0,8330.0,8230.0,8310.0,40.0
2018-02-09 20:00:00,8240.9844,8320.0,8400.0,8200.0,8200.0,39.0
2018-02-09 21:00:00,8264.6094,8200.0,8280.0,8200.0,8240.0,9.0
2018-02-09 22:00:00,8214.375,8255.0,8450.0,8255.0,8360.0,54.0
2018-02-09 23:00:00,8274.7275,8432.0,8540.0,8425.0,8444.0,102.0
2018-02-10 00:00:00,8409.6309,8400.0,8430.0,8350.0,8410.0,22.0
2018-02-10 01:00:00,8319.752,8390.0,8540.0,8380.0,8520.0,54.0
2018-02-10 02:00:00,8376.375,8550.0,8800.0,8550.0,8650.0,130.0
2018-02-10 03:00:00,8621.8828,8700.0,8740.0,8610.0,8740.0,44.0
2018-02-10 04:00:00,8621.0234,8760.0,8760.0,8660.0,8680.0,23.0
2018-02-10 05:00:00,8632.8828,8630.0,8710.0,8610.0,8660.0,27.0
2018-02-10 06:00:00,8566.4492,8585.0,8655.0,8531.666666666666,8578.333333333334,30.0
2018-02-12 03:00:00,8206.5137,8540.0,8600.0,8453.333333333334,8496.666666666666,33.0
2018-02-12 04:00:00,8336.6152,8495.0,8545.0,8375.0,8415.0,36.0
2018-02-12 05:00:00,8288.7227,8450.0,8490.0,8296.666666666666,8333.333333333334,39.0
2018-02-12 06:00:00,8233.082,8405.0,8435.0,8218.333333333334,8251.666666666666,42.0
2018-02-12 07:00:00,8315.0938,8360.0,8380.0,8140.0,8170.0,45.0
2018-02-12 08:00:00,8303.6152,8150.0,8260.0,8070.0,8250.0,21.0
2018-02-12 09:00:00,8072.5605,8210.0,8300.0,8200.0,8300.0,12.0
2018-02-12 10:00:00,8210.2695,8490.0,8490.0,8380.0,8470.0,16.0
2018-02-12 11:00:00,8349.1885,8480.0,8580.0,8480.0,8550.0,17.0
2018-02-12 12:00:00,8538.7188,8505.0,8555.0,8500.0,8535.0,10.5
2018-02-12 13:00:00,8486.125,8530.0,8530.0,8520.0,8520.0,4.0
2018-02-12 14:00:00,8491.5547,8470.0,8470.0,8410.0,8410.0,4.0
2018-02-12 15:00:00,8373.6494,8500.0,8610.0,8450.0,8600.0,11.0
2018-02-12 16:00:00,8422.6924,8580.0,8840.0,8580.0,8830.0,23.0
2018-02-12 17:00:00,8467.0527,8780.0,8920.0,8780.0,8840.0,40.0
2018-02-12 18:00:00,8770.6416,8850.0,8880.0,8830.0,8830.0,10.0
2018-02-12 19:00:00,8799.3457,8860.0,8950.0,8800.0,8800.0,35.0
2018-02-12 20:00:00,8833.9639,8790.0,8820.0,8740.0,8750.0,19.0
2018-02-12 21:00:00,8662.7959,8790.0,8850.0,8790.0,8825.0,58.0
2018-02-12 22:00:00,8770.0693,8810.0,8830.0,8650.0,8650.0,104.0
2018-02-12 23:00:00,8675.2754,8660.0,8671.0,8590.0,8671.0,74.0
2018-02-13 00:00:00,8556.1719,8660.0,8750.0,8630.0,8750.0,57.0
2018-02-13 01:00:00,8656.7598,8730.0,8770.0,8660.0,8740.0,53.0
2018-02-13 02:00:00,8671.0078,8740.0,8800.0,8690.0,8690.0,52.0
2018-02-13 03:00:00,8759.1875,8690.0,8767.0,8690.0,8767.0,63.0
2018-02-13 04:00:00,8664.7666,8800.0,8930.0,8753.0,8930.0,86.0
2018-02-13 05:00:00,8784.0645,8890.0,8970.0,8870.0,8870.0,18.0
2018-02-13 06:00:00,8841.6152,8800.0,8800.0,8790.0,8790.0,2.0
2018-02-13 07:00:00,8831.25,8870.0,9020.0,8870.0,9010.0,11.0
2018-02-13 08:00:00,8885.7949,9030.0,9050.0,8910.0,8950.0,25.0
2018-02-13 09:00:00,8883.6895,8910.0,8970.0,8830.0,8830.0,20.0
2018-02-13 10:00:00,8924.0762,8850.0,8860.0,8710.0,8740.0,41.0
2018-02-13 11:00:00,8753.3652,8730.0,8770.0,8670.0,8730.0,57.0
2018-02-13 12:00:00,8715.3838,8710.0,8780.0,8640.0,8640.0,25.0
2018-02-13 13:00:00,8764.9375,8640.0,8650.0,8580.0,8620.0,69.0
2018-02-13 14:00:00,8586.0791,8600.0,8650.0,8590.0,8640.0,17.0
2018-02-13 15:00:00,8614.9678,8610.0,8760.0,8610.0,8760.0,23.0
2018-02-13 16:00:00,8714.4619,8710.0,8730.0,8460.0,8490.0,107.0
2018-02-13 17:00:00,8635.1387,8480.0,8540.0,8400.0,8410.0,41.0
2018-02-13 18:00:00,8540.9678,8440.0,8470.0,8390.0,8430.0,64.0
2018-02-13 19:00:00,8458.1377,8480.0,8560.0,8440.0,8470.0,56.0
2018-02-13 20:00:00,8512.2041,8470.0,8580.0,8470.0,8580.0,20.0
2018-02-13 21:00:00,8519.8447,8590.0,8640.0,8550.0,8590.0,39.0
2018-02-13 22:00:00,8585.1201,8560.0,8690.0,8550.0,8630.0,48.0
2018-02-13 23:00:00,8603.0,8680.0,8700.0,8540.0,8550.0,62.0
2018-02-14 00:00:00,8605.7148,8550.0,8580.0,8490.0,8570.0,89.0
2018-02-14 01:00:00,8502.1484,8580.0,8660.0,8530.0,8610.0,97.0
2018-02-14 02:00:00,8559.2656,8630.0,8690.0,8590.0,8670.0,46.0
2018-02-14 03:00:00,8631.0703,8680.0,8680.0,8580.0,8620.0,41.0
2018-02-14 04:00:00,8586.8652,8610.0,8760.0,8610.0,8740.0,70.0
2018-02-14 05:00:00,8620.4238,8740.0,8759.0,8690.0,8710.0,17.0
2018-02-14 06:00:00,8710.4395,8630.0,8630.0,8550.0,8550.0,6.0
2018-02-14 07:00:00,8557.9063,8610.0,8620.0,8490.0,8490.0,18.0
2018-02-14 08:00:00,8552.1113,8510.0,8590.0,8510.0,8560.0,39.0
2018-02-14 09:00:00,8517.6719,8570.0,8680.0,8570.0,8630.0,92.0
2018-02-14 10:00:00,8591.9043,8640.0,8740.0,8640.0,8690.0,67.0
2018-02-14 11:00:00,8649.002,8700.0,8750.0,8680.0,8700.0,57.0
2018-02-14 12:00:00,8689.3008,8710.0,8870.0,8690.0,8870.0,92.0
2018-02-14 13:00:00,8696.7949,8870.0,8880.0,8770.0,8790.0,119.0
2018-02-14 14:00:00,8805.0059,8790.0,8900.0,8790.0,8870.0,82.0
2018-02-14 15:00:00,8842.5957,8880.0,8890.0,8800.0,8890.0,31.0
2018-02-14 16:00:00,8791.7412,8890.0,8950.0,8880.0,8880.0,26.0
2018-02-14 17:00:00,8893.4941,8930.0,8940.0,8840.0,8880.0,69.0
2018-02-14 18:00:00,8877.0,8870.0,8890.0,8840.0,8890.0,55.0
2018-02-14 19:00:00,8799.5645,8850.0,8860.0,8790.0,8830.0,24.0
2018-02-14 20:00:00,8773.2383,8830.0,9310.0,8830.0,9250.0,158.0
2018-02-14 21:00:00,8947.998,9230.0,9350.0,9160.0,9310.0,169.0
2018-02-14 22:00:00,9175.9043,9270.0,9320.0,9200.0,9220.0,153.0
2018-02-14 23:00:00,9229.1152,9230.0,9320.0,9200.0,9290.0,345.0
2018-02-15 00:00:00,9176.8555,9300.0,9389.0,9240.0,9340.0,241.0
2018-02-15 01:00:00,9341.9902,9360.0,9360.0,9280.0,9300.0,239.0
2018-02-15 02:00:00,9279.584,9310.0,9440.0,9270.0,9390.0,452.0
2018-02-15 03:00:00,9312.793,9340.0,9400.0,9210.0,9280.0,201.0
2018-02-15 04:00:00,9297.9941,9280.0,9350.0,9250.0,9350.0,93.0
2018-02-15 05:00:00,9253.8105,9342.0,9370.0,9260.0,9300.0,101.0
2018-02-15 06:00:00,9298.3086,9350.0,9384.0,9310.0,9384.0,31.0
2018-02-15 07:00:00,9287.9609,9390.0,9460.0,9390.0,9450.0,77.0
2018-02-15 08:00:00,9439.0996,9470.0,9530.0,9440.0,9500.0,116.0
2018-02-15 09:00:00,9482.7988,9510.0,9520.0,9360.0,9450.0,72.0
2018-02-15 10:00:00,9382.5996,9470.0,9520.0,9410.0,9510.0,68.0
2018-02-15 11:00:00,9402.5977,9490.0,9750.0,9480.0,9640.0,268.0
2018-02-15 12:00:00,9635.2422,9650.0,9730.0,9630.0,9660.0,80.0
2018-02-15 13:00:00,9667.6543,9670.0,9760.0,9660.0,9690.0,126.0
2018-02-15 14:00:00,9747.125,9690.0,9790.0,9690.0,9730.0,60.0
2018-02-15 15:00:00,9703.4492,9750.0,9750.0,9700.0,9730.0,44.0
2018-02-15 16:00:00,9710.7559,9720.0,9880.0,9720.0,9850.0,145.0
2018-02-15 17:00:00,9849.541,9840.0,9950.0,9830.0,9930.0,151.0
2018-02-15 18:00:00,9885.8242,9920.0,9940.0,9480.0,9580.0,605.0
2018-02-15 19:00:00,9653.1484,9600.0,9780.0,9580.0,9590.0,191.0
2018-02-15 20:00:00,9678.0996,9600.0,9720.0,9560.0,9690.0,154.0
2018-02-15 21:00:00,9616.4971,9700.0,9790.0,9680.0,9700.0,227.0
2018-02-15 22:00:00,9730.5371,9720.0,9820.0,9640.0,9800.0,343.0
2018-02-15 23:00:00,9676.0957,9810.0,9910.0,9790.0,9870.0,494.0
2018-02-16 00:00:00,9884.9434,9870.0,9920.0,9800.0,9890.0,272.0
2018-02-16 01:00:00,9843.2402,9880.0,10090.0,9850.0,10080.0,285.0
2018-02-16 02:00:00,9918.9199,10090.0,10220.0,9980.0,10160.0,716.0
2018-02-16 03:00:00,10086.5645,10170.0,10200.0,9970.0,10140.0,652.0
2018-02-16 04:00:00,10069.9961,10150.0,10200.0,10040.0,10080.0,424.0
2018-02-16 05:00:00,10118.8525,10070.0,10140.0,10000.0,10120.0,145.0
2018-02-16 06:00:00,10097.4414,10060.0,10070.0,9880.0,9990.0,90.0
2018-02-16 07:00:00,9868.916,9970.0,10190.0,9970.0,10100.0,121.0
2018-02-16 08:00:00,10094.9063,10140.0,10200.0,10030.0,10140.0,83.0
2018-02-16 09:00:00,10019.1172,10130.0,10290.0,10120.0,10220.0,178.0
2018-02-16 10:00:00,10237.0479,10240.0,10320.0,10200.0,10230.0,102.0
2018-02-16 11:00:00,10300.0098,10240.0,10260.0,10170.0,10200.0,48.0
2018-02-16 12:00:00,10193.3984,10180.0,10190.0,10050.0,10060.0,56.0
2018-02-16 13:00:00,10121.5996,10060.0,10140.0,9980.0,10110.0,106.0
2018-02-16 14:00:00,10002.7793,10130.0,10170.0,10090.0,10120.0,29.0
